,Player,Pos,Age,Tm,G,GS,MP,FG,FGA,FG%,3P,3PA,3P%,2P,2PA,2P%,eFG%,FT,FTA,FT%,ORB,DRB,TRB,AST,STL,BLK,TOV,PF,PTS
0,,,,,,,,,,,,,,,,,,,,,,,,,,,,,
1,Steven Adams,C,26,OKC,58,58,27.0,4.5,7.6,.591,0.0,0.1,.333,4.5,7.6,.593,.593,1.9,3.2,.590,3.4,6.0,9.4,2.4,0.9,1.1,1.5,1.9,10.9
2,Bam Adebayo,PF,22,MIA,65,65,34.4,6.3,11.1,.567,0.0,0.2,.077,6.3,10.9,.576,.568,3.6,5.3,.690,2.5,8.0,10.5,5.1,1.2,1.3,2.8,2.5,16.2
3,LaMarcus Aldridge,C,34,SAS,53,53,33.1,7.4,15.0,.493,1.2,3.0,.389,6.2,12.0,.519,.532,3.0,3.6,.827,1.9,5.5,7.4,2.4,0.7,1.6,1.4,2.4,18.9
4,Nickeil Alexander-Walker,SG,21,NOP,41,0,12.2,1.9,5.5,.339,1.0,2.9,.342,0.9,2.7,.336,.427,0.4,0.7,.607,0.2,1.8,2.0,1.8,0.3,0.2,1.0,1.1,5.1
5,Grayson Allen,SG,24,MEM,30,0,16.6,2.6,5.9,.449,1.1,3.0,.363,1.5,2.8,.541,.543,1.0,1.2,.857,0.2,2.0,2.2,1.4,0.2,0.0,0.8,1.2,7.4
6,Jarrett Allen,C,21,BRK,64,58,25.7,4.2,6.5,.646,0.0,0.1,.000,4.2,6.4,.654,.646,2.3,3.7,.620,3.0,6.4,9.5,1.3,0.6,1.3,1.1,2.3,10.6
7,Kadeem Allen,SG,27,NYK,10,0,11.7,1.9,4.4,.432,0.5,1.6,.313,1.4,2.8,.500,.489,0.7,1.1,.636,0.2,0.7,0.9,2.1,0.5,0.2,0.8,0.7,5.0
8,Al-Farouq Aminu,PF,29,ORL,18,2,21.1,1.4,4.8,.291,0.5,2.0,.250,0.9,2.8,.320,.343,1.1,1.6,.655,1.3,3.5,4.8,1.2,1.0,0.4,0.9,1.5,4.3
9,Justin Anderson,SF,26,BRK,3,0,5.7,0.3,2.0,.167,0.0,1.0,.000,0.3,1.0,.333,.167,0.3,0.7,.500,0.0,0.7,0.7,0.0,0.0,0.3,0.0,0.7,1.0
10,Kyle Anderson,PF,26,MEM,59,20,19.3,2.3,4.7,.493,0.3,1.1,.258,2.1,3.7,.560,.521,0.7,1.1,.652,0.9,3.4,4.4,2.2,0.8,0.5,0.9,1.4,5.7
11,Ryan Anderson,PF,31,HOU,2,0,7.0,1.0,3.5,.286,0.5,2.5,.200,0.5,1.0,.500,.357,0.0,0.0,,0.0,3.5,3.5,1.0,0.5,0.0,0.5,0.5,2.5
12,Giannis Antetokounmpo,PF,25,MIL,57,57,30.9,10.9,20.0,.547,1.5,4.8,.306,9.5,15.2,.622,.583,6.3,10.0,.633,2.3,11.5,13.7,5.8,1.0,1.0,3.7,3.0,29.6
13,Kostas Antetokounmpo,PF,22,LAL,3,0,1.7,0.0,0.0,,0.0,0.0,,0.0,0.0,,,0.0,0.0,,0.0,0.3,0.3,0.3,0.0,0.0,0.0,0.0,0.0
14,Thanasis Antetokounmpo,SF,27,MIL,18,2,5.2,1.1,2.0,.528,0.0,0.4,.000,1.1,1.6,.655,.528,0.4,0.8,.467,0.6,0.4,1.1,0.5,0.3,0.1,0.6,0.7,2.5
15,Carmelo Anthony,PF,35,POR,50,50,32.5,5.8,13.6,.426,1.4,3.9,.371,4.3,9.7,.447,.479,2.3,2.7,.843,1.2,5.0,6.3,1.6,0.8,0.5,1.7,2.8,15.3
16,OG Anunoby,SF,22,TOR,63,62,30.1,4.2,8.4,.507,1.3,3.4,.381,2.9,5.0,.593,.584,0.9,1.4,.686,1.2,4.2,5.4,1.6,1.4,0.7,1.2,2.5,10.7
17,Ryan Arcidiacono,PG,25,CHI,58,4,16.0,1.6,3.8,.409,0.9,2.4,.391,0.6,1.4,.439,.532,0.5,0.7,.711,0.3,1.6,1.9,1.7,0.5,0.1,0.6,1.7,4.5
18,Trevor Ariza,SF,34,TOT,53,21,28.2,2.7,6.1,.438,1.5,3.9,.372,1.2,2.2,.556,.557,1.2,1.4,.838,0.6,4.0,4.6,1.7,1.3,0.3,1.1,2.1,8.0
19,Trevor Ariza,SF,34,SAC,32,0,24.7,2.0,5.2,.388,1.3,3.8,.352,0.7,1.3,.488,.518,0.7,0.8,.778,0.7,3.9,4.6,1.6,1.1,0.2,0.9,2.0,6.0
20,Trevor Ariza,SF,34,POR,21,21,33.4,3.7,7.6,.491,1.6,4.0,.400,2.1,3.5,.595,.597,2.0,2.2,.872,0.6,4.1,4.8,2.0,1.6,0.4,1.3,2.3,11.0
21,D.J. Augustin,PG,32,ORL,49,6,24.8,3.2,8.1,.393,1.2,3.6,.345,2.0,4.6,.430,.469,2.8,3.2,.885,0.4,1.9,2.2,4.6,0.6,0.0,1.4,1.1,10.4
22,Deandre Ayton,C,21,PHO,30,25,33.2,8.5,15.5,.548,0.0,0.1,.000,8.5,15.4,.552,.548,2.0,2.6,.769,4.1,7.9,12.0,1.9,0.7,1.7,2.4,3.2,19.0
23,,,,,,,,,,,,,,,,,,,,,,,,,,,,,
24,Dwayne Bacon,SG,24,CHO,39,11,17.6,2.2,6.3,.348,0.5,1.7,.284,1.7,4.5,.373,.387,0.9,1.4,.660,0.4,2.2,2.6,1.3,0.6,0.1,0.9,1.3,5.7
25,Marvin Bagley III,PF,20,SAC,13,6,25.7,6.0,12.8,.467,0.3,1.7,.182,5.7,11.2,.510,.479,1.9,2.4,.806,2.2,5.2,7.5,0.8,0.5,0.9,1.4,3.3,14.2
26,Lonzo Ball,PG,22,NOP,56,47,32.4,4.6,11.2,.412,2.5,6.5,.383,2.1,4.7,.453,.523,0.7,1.2,.567,1.1,5.1,6.2,7.0,1.4,0.5,3.1,2.0,12.4
27,Mo Bamba,C,21,ORL,60,0,14.5,2.2,4.7,.468,0.6,1.7,.356,1.6,3.0,.534,.534,0.5,0.8,.674,1.6,3.4,5.0,0.7,0.4,1.4,0.7,1.9,5.5
28,J.J. Barea,PG,35,DAL,26,4,15.0,2.8,6.9,.413,1.1,2.9,.382,1.7,4.0,.437,.494,0.7,0.7,.944,0.4,1.5,1.8,3.8,0.2,0.1,1.3,1.0,7.5
29,Harrison Barnes,PF,27,SAC,64,64,34.9,5.1,11.1,.459,1.5,3.8,.383,3.6,7.3,.498,.524,3.1,3.8,.803,1.0,3.8,4.8,2.4,0.6,0.2,1.3,1.3,14.7
30,RJ Barrett,SG,19,NYK,56,55,30.4,5.2,13.0,.402,1.1,3.5,.320,4.1,9.5,.432,.445,2.8,4.5,.614,0.9,4.1,5.0,2.6,1.0,0.3,2.2,2.2,14.3
31,Will Barton,SF,29,DEN,58,58,33.0,5.7,12.7,.450,1.9,5.0,.375,3.9,7.8,.498,.523,1.8,2.3,.767,1.3,5.0,6.3,3.7,1.1,0.5,1.5,2.1,15.1
32,Keita Bates-Diop,SF,24,TOT,39,0,17.1,2.3,5.3,.428,0.8,2.4,.330,1.5,2.9,.509,.502,1.3,1.8,.710,0.5,2.3,2.9,0.8,0.4,0.5,0.4,1.0,6.6
33,Keita Bates-Diop,SF,24,MIN,37,0,17.5,2.4,5.6,.422,0.8,2.5,.330,1.5,3.0,.500,.498,1.2,1.8,.708,0.6,2.4,3.0,0.8,0.5,0.5,0.4,1.0,6.8
34,Keita Bates-Diop,SF,24,DEN,2,0,9.5,1.0,1.0,1.000,0.0,0.0,,1.0,1.0,1.000,1.000,1.5,2.0,.750,0.0,1.0,1.0,0.0,0.0,0.5,0.0,1.0,3.5
35,Nicolas Batum,SF,31,CHO,22,3,23.0,1.3,3.7,.346,0.6,2.2,.286,0.6,1.5,.438,.432,0.4,0.5,.900,1.1,3.4,4.5,3.0,0.8,0.4,1.0,1.9,3.6
36,Aron Baynes,C,33,PHO,42,28,22.2,4.4,9.1,.480,1.4,4.0,.351,3.0,5.1,.582,.558,1.3,1.8,.747,1.7,4.0,5.6,1.6,0.2,0.5,1.2,3.4,11.5
37,Kent Bazemore,SF-SG,30,TOT,64,21,25.1,2.9,7.7,.374,1.2,3.6,.342,1.7,4.2,.401,.453,1.7,2.2,.768,0.4,4.0,4.3,1.3,1.1,0.6,1.3,2.8,8.7
38,Kent Bazemore,SF,30,POR,43,21,25.8,2.6,7.6,.347,1.3,4.0,.327,1.3,3.6,.368,.433,1.3,1.7,.806,0.3,3.7,4.0,1.4,1.0,0.7,1.4,2.8,7.9
39,Kent Bazemore,SG,30,SAC,21,0,23.5,3.4,8.0,.426,1.0,2.7,.386,2.4,5.3,.446,.491,2.4,3.3,.729,0.5,4.5,5.0,1.1,1.2,0.4,1.2,2.9,10.3
40,Darius Bazley,PF,19,OKC,53,8,17.2,1.7,4.3,.383,0.6,1.9,.300,1.1,2.5,.446,.448,0.6,0.9,.681,0.4,3.3,3.7,0.5,0.4,0.7,0.8,0.8,4.5
41,Bradley Beal,SG,26,WAS,57,57,36.0,10.4,22.9,.455,3.0,8.4,.353,7.4,14.4,.515,.520,6.8,8.0,.842,0.9,3.3,4.2,6.1,1.2,0.4,3.4,2.2,30.5
42,Malik Beasley,SG,23,TOT,55,14,22.0,4.1,9.7,.425,1.9,5.0,.388,2.2,4.7,.465,.525,1.0,1.2,.818,0.3,2.4,2.7,1.4,0.7,0.1,1.0,1.4,11.2
43,Malik Beasley,SG,23,DEN,41,0,18.2,2.9,7.3,.389,1.4,3.9,.360,1.4,3.4,.421,.485,0.8,0.9,.868,0.2,1.7,1.9,1.2,0.8,0.1,0.9,1.2,7.9
44,Malik Beasley,SG,23,MIN,14,14,33.1,7.9,16.6,.472,3.5,8.2,.426,4.4,8.4,.517,.577,1.5,2.0,.750,0.6,4.4,5.1,1.9,0.6,0.1,1.5,1.9,20.7
45,Marco Belinelli,SG,33,SAS,52,0,15.0,2.0,5.2,.391,1.1,3.0,.368,0.9,2.2,.422,.496,0.6,0.8,.780,0.1,1.7,1.7,1.2,0.2,0.0,0.3,0.8,5.8
46,Jordan Bell,C-PF,25,TOT,29,0,8.8,1.2,2.3,.522,0.1,0.4,.333,1.1,1.9,.564,.552,0.7,1.1,.613,1.0,1.8,2.8,0.6,0.1,0.3,0.7,0.7,3.2
47,Jordan Bell,C,25,MIN,27,0,8.7,1.2,2.2,.533,0.1,0.3,.222,1.1,1.9,.588,.550,0.6,1.1,.586,1.0,1.9,2.9,0.5,0.1,0.4,0.7,0.6,3.1
48,Jordan Bell,PF,25,MEM,2,0,10.5,1.5,3.5,.429,1.0,1.5,.667,0.5,2.0,.250,.571,1.0,1.0,1.000,1.0,0.5,1.5,1.0,0.5,0.0,1.5,1.0,5.0
49,DeAndre' Bembry,SG,25,ATL,43,4,21.3,2.4,5.3,.456,0.3,1.5,.231,2.1,3.8,.546,.489,0.6,1.1,.542,0.8,2.7,3.5,1.9,1.3,0.4,1.4,2.0,5.8
50,Dragan Bender,SF,22,TOT,16,3,17.9,2.6,5.8,.446,0.9,2.7,.349,1.6,3.1,.531,.527,0.6,0.9,.714,1.0,3.6,4.6,1.8,0.3,0.6,1.3,2.6,6.7
51,Dragan Bender,SF,22,MIL,7,0,13.0,1.4,3.0,.476,0.6,1.3,.444,0.9,1.7,.500,.571,0.3,0.4,.667,0.0,2.9,2.9,1.3,0.0,0.7,0.7,2.3,3.7
52,Dragan Bender,SF,22,GSW,9,3,21.7,3.4,7.9,.437,1.2,3.8,.324,2.2,4.1,.541,.514,0.9,1.2,.727,1.8,4.1,5.9,2.1,0.4,0.4,1.8,2.9,9.0
53,Dāvis Bertāns,PF,27,WAS,54,4,29.3,4.9,11.3,.434,3.7,8.7,.424,1.2,2.6,.471,.598,1.9,2.3,.852,0.6,3.9,4.5,1.7,0.7,0.6,1.1,2.6,15.4
54,,,,,,,,,,,,,,,,,,,,,,,,,,,,,
55,Patrick Beverley,PG,31,LAC,48,48,27.1,2.9,6.8,.428,1.6,4.1,.379,1.3,2.6,.504,.543,0.6,0.9,.659,1.2,4.2,5.4,3.7,1.1,0.5,1.3,3.1,7.9
56,Khem Birch,C,27,ORL,40,24,19.4,1.4,2.9,.487,0.0,0.0,.000,1.4,2.9,.491,.487,1.0,1.7,.612,1.8,2.8,4.5,0.9,0.4,0.5,0.6,1.8,3.8
57,Goga Bitadze,C,20,IND,49,2,8.4,1.2,2.6,.473,0.1,0.7,.167,1.1,1.9,.591,.496,0.5,0.7,.727,0.4,1.5,2.0,0.4,0.1,0.7,0.5,1.2,3.1
58,Bismack Biyombo,C,27,CHO,53,29,19.4,2.8,5.2,.543,0.0,0.0,,2.8,5.2,.543,.543,1.7,2.8,.603,2.3,3.5,5.8,0.9,0.2,0.9,0.9,2.2,7.4
59,Nemanja Bjelica,PF,31,SAC,64,61,28.5,4.5,9.4,.475,2.0,4.6,.424,2.5,4.8,.524,.579,0.9,1.1,.822,1.7,4.8,6.4,2.8,0.8,0.5,1.4,3.0,11.9
60,Eric Bledsoe,PG,30,MIL,56,56,27.2,5.7,11.8,.482,1.3,3.6,.348,4.4,8.2,.540,.535,2.8,3.4,.813,0.7,3.9,4.6,5.4,0.9,0.4,2.5,2.1,15.4
61,Bogdan Bogdanović,SG,27,SAC,53,20,28.5,5.2,12.1,.433,2.6,7.2,.361,2.6,4.9,.541,.541,1.4,2.0,.724,0.3,2.9,3.2,3.2,1.0,0.3,1.7,2.2,14.5
62,Bojan Bogdanović,SF,30,UTA,63,63,33.1,6.6,14.8,.447,3.0,7.3,.414,3.6,7.6,.479,.548,4.0,4.4,.903,0.6,3.5,4.1,2.1,0.5,0.1,2.5,1.7,20.2
63,Jonah Bolden,PF,24,TOT,7,0,6.7,0.6,1.6,.364,0.0,0.6,.000,0.6,1.0,.571,.364,0.3,0.6,.500,0.4,0.9,1.3,0.0,0.4,0.3,0.3,1.4,1.4
64,Jonah Bolden,PF,24,PHI,4,0,3.5,0.5,0.8,.667,0.0,0.3,.000,0.5,0.5,1.000,.667,0.0,0.5,.000,0.0,0.3,0.3,0.0,0.3,0.0,0.5,1.0,1.0
65,Jonah Bolden,PF,24,PHO,3,0,11.0,0.7,2.7,.250,0.0,1.0,.000,0.7,1.7,.400,.250,0.7,0.7,1.000,1.0,1.7,2.7,0.0,0.7,0.7,0.0,2.0,2.0
66,Marques Bolden,C,21,CLE,1,0,3.0,0.0,0.0,,0.0,0.0,,0.0,0.0,,,0.0,0.0,,0.0,2.0,2.0,0.0,1.0,0.0,0.0,1.0,0.0
67,Jordan Bone,PG,22,DET,10,0,5.3,0.5,2.0,.250,0.2,1.0,.200,0.3,1.0,.300,.300,0.0,0.0,,0.0,0.4,0.4,0.8,0.1,0.0,0.2,0.6,1.2
68,Isaac Bonga,SF,20,WAS,58,41,17.7,1.7,3.2,.522,0.4,0.9,.400,1.3,2.2,.574,.582,0.9,1.1,.813,1.1,2.1,3.2,1.1,0.6,0.4,0.7,2.3,4.6
69,Devin Booker,SG,23,PHO,62,62,36.1,8.8,18.0,.487,2.0,5.6,.360,6.7,12.4,.544,.543,6.5,7.1,.916,0.4,3.7,4.2,6.6,0.7,0.3,3.9,3.0,26.1
70,Chris Boucher,PF,27,TOR,55,0,13.2,2.2,4.7,.458,0.5,1.8,.283,1.7,2.9,.565,.512,1.5,1.9,.796,1.7,2.7,4.4,0.4,0.4,1.0,0.4,1.9,6.3
71,Brian Bowen,SG,21,IND,5,1,5.8,0.4,1.8,.222,0.0,0.4,.000,0.4,1.4,.286,.222,0.0,0.0,,0.2,1.2,1.4,0.0,0.0,0.2,0.2,0.4,0.8
72,Ky Bowman,PG,22,GSW,45,12,22.6,3.0,7.1,.417,0.7,2.4,.308,2.2,4.8,.472,.469,0.8,0.9,.829,0.5,2.2,2.7,2.9,1.0,0.2,1.6,2.3,7.4
73,Avery Bradley,SG,29,LAL,49,44,24.2,3.5,7.8,.444,1.3,3.5,.364,2.2,4.3,.510,.526,0.4,0.5,.833,0.4,2.0,2.3,1.3,0.9,0.1,1.0,2.2,8.6
74,Tony Bradley,C,22,UTA,50,2,10.7,2.1,3.1,.665,0.0,0.0,1.000,2.0,3.1,.662,.668,0.5,0.8,.650,1.8,2.5,4.3,0.3,0.2,0.5,0.5,2.0,4.7
75,Jarrell Brantley,PF,23,UTA,5,0,2.6,0.0,0.0,,0.0,0.0,,0.0,0.0,,,0.0,0.0,,0.0,1.0,1.0,0.2,0.0,0.4,0.4,0.4,0.0
76,Ignas Brazdeikis,SF,21,NYK,9,0,5.9,0.7,2.4,.273,0.1,1.0,.111,0.6,1.4,.385,.295,0.4,0.6,.800,0.2,0.3,0.6,0.4,0.0,0.1,0.2,0.3,1.9
77,,,,,,,,,,,,,,,,,,,,,,,,,,,,,
78,Mikal Bridges,SF,23,PHO,65,24,27.3,3.2,6.3,.516,0.9,2.4,.352,2.4,3.8,.621,.585,1.4,1.6,.848,0.9,3.1,4.0,1.8,1.4,0.6,1.0,2.2,8.7
79,Miles Bridges,SF,21,CHO,65,64,30.7,4.9,11.6,.424,1.5,4.6,.330,3.4,7.0,.486,.489,1.6,2.0,.809,1.4,4.2,5.6,1.8,0.6,0.7,1.5,2.0,13.0
80,Oshae Brissett,SF,21,TOR,19,0,7.1,0.7,1.9,.361,0.2,0.8,.200,0.5,1.1,.476,.403,0.4,0.5,.800,0.5,0.9,1.4,0.4,0.2,0.1,0.4,0.9,1.9
81,Ryan Broekhoff,SG,29,DAL,17,1,10.6,1.3,3.5,.373,1.2,3.0,.392,0.1,0.5,.250,.542,0.4,0.5,.875,0.3,2.2,2.5,0.6,0.3,0.2,0.4,0.9,4.2
82,Malcolm Brogdon,PG,27,IND,48,48,30.7,6.0,13.7,.439,1.3,4.1,.313,4.8,9.7,.491,.485,3.0,3.4,.895,0.8,3.9,4.7,7.1,0.7,0.2,2.4,1.8,16.3
83,Dillon Brooks,SG,24,MEM,65,65,28.5,5.7,14.2,.402,2.0,5.5,.369,3.7,8.7,.423,.474,2.2,2.7,.809,0.9,2.3,3.3,2.0,0.9,0.4,1.7,3.8,15.7
84,Bruce Brown,SG,23,DET,58,43,28.2,3.4,7.7,.443,0.6,1.7,.344,2.8,6.1,.470,.480,1.5,2.1,.739,1.1,3.7,4.7,4.0,1.1,0.5,1.7,2.8,8.9
85,Charlie Brown,SG,22,ATL,10,0,4.0,0.6,1.9,.316,0.3,0.9,.333,0.3,1.0,.300,.395,0.5,0.5,1.000,0.2,0.2,0.4,0.2,0.2,0.2,0.3,0.3,2.0
86,Jaylen Brown,SF,23,BOS,50,50,34.0,7.6,15.4,.490,2.1,5.6,.381,5.4,9.8,.552,.559,3.2,4.3,.736,1.1,5.3,6.4,2.2,1.1,0.3,2.3,3.0,20.4
87,Moses Brown,C,20,POR,9,0,3.7,0.4,1.1,.400,0.0,0.0,,0.4,1.1,.400,.400,0.3,0.9,.375,0.3,1.2,1.6,0.1,0.1,0.1,0.3,0.8,1.2
88,Sterling Brown,SF,24,MIL,45,1,14.8,1.8,4.8,.367,0.8,2.5,.316,1.0,2.3,.423,.450,0.6,0.8,.771,0.6,3.0,3.7,1.0,0.5,0.2,0.8,1.0,5.0
89,Troy Brown Jr.,SG,20,WAS,61,14,24.9,3.8,8.3,.453,0.8,2.4,.345,2.9,5.9,.496,.502,1.4,1.9,.754,1.0,4.3,5.3,2.3,1.2,0.1,1.1,1.8,9.7
90,Jalen Brunson,PG,23,DAL,57,16,17.9,3.2,6.8,.466,0.8,2.1,.358,2.4,4.7,.515,.522,1.1,1.3,.813,0.4,2.0,2.4,3.3,0.4,0.1,1.2,1.3,8.2
91,Thomas Bryant,C,22,WAS,38,28,23.7,4.8,8.1,.599,0.6,1.4,.407,4.3,6.7,.640,.635,1.8,2.5,.737,2.0,4.9,6.8,1.9,0.4,0.9,1.3,2.2,12.1
92,Reggie Bullock,SG,28,NYK,29,19,23.6,3.1,7.7,.402,1.3,3.8,.333,1.8,3.9,.469,.484,0.6,0.7,.810,0.4,1.9,2.3,1.4,0.9,0.1,0.7,1.9,8.1
93,Trey Burke,PG,27,PHI,25,0,13.2,2.4,5.1,.465,0.6,1.5,.421,1.7,3.6,.483,.528,0.5,0.7,.722,0.6,0.8,1.4,2.1,0.3,0.0,0.5,0.8,5.9
94,Alec Burks,SG,28,TOT,59,18,27.3,4.8,11.9,.404,1.7,4.6,.366,3.1,7.3,.428,.475,3.8,4.3,.896,0.7,3.7,4.4,2.9,1.0,0.3,1.4,2.0,15.1
95,Alec Burks,SG,28,GSW,48,18,29.0,5.1,12.5,.406,1.8,4.7,.375,3.3,7.9,.424,.476,4.2,4.7,.897,0.8,3.9,4.7,3.1,1.0,0.4,1.6,2.2,16.1
96,Alec Burks,SG,28,PHI,11,0,20.2,3.5,9.1,.390,1.5,4.5,.327,2.1,4.6,.451,.470,2.2,2.5,.889,0.5,2.7,3.3,1.8,0.7,0.0,0.8,1.2,10.7
97,Deonte Burton,SG,26,OKC,34,0,8.4,1.1,3.1,.371,0.3,1.4,.217,0.9,1.7,.492,.419,0.2,0.4,.500,0.2,1.2,1.4,0.3,0.1,0.3,0.4,0.8,2.8
98,Jimmy Butler,SF,30,MIA,54,54,34.3,6.1,13.4,.454,0.5,2.2,.248,5.5,11.2,.494,.474,7.6,9.1,.833,1.8,4.8,6.6,6.1,1.7,0.5,2.2,1.4,20.2
99,Bruno Caboclo,SF,24,TOT,27,0,8.1,1.2,2.9,.416,0.1,1.0,.143,1.0,1.8,.571,.442,0.1,0.2,.800,0.8,1.1,2.0,0.4,0.4,0.6,0.3,0.9,2.7
100,Bruno Caboclo,SF,24,MEM,22,0,8.7,1.3,3.1,.406,0.2,1.1,.160,1.1,2.0,.545,.435,0.1,0.1,.667,0.8,1.2,2.0,0.5,0.5,0.5,0.3,1.0,2.8
101,Bruno Caboclo,SF,24,HOU,5,0,5.6,0.8,1.6,.500,0.0,0.6,.000,0.8,1.0,.800,.500,0.4,0.4,1.000,1.0,0.8,1.8,0.4,0.4,0.8,0.4,0.4,2.0
102,,,,,,,,,,,,,,,,,,,,,,,,,,,,,
103,Kentavious Caldwell-Pope,SG,26,LAL,63,20,25.4,3.5,7.4,.472,1.4,3.5,.394,2.1,3.9,.543,.565,1.2,1.5,.779,0.6,1.5,2.1,1.7,0.8,0.2,0.9,1.9,9.5
104,Vlatko Čančar,SF,22,DEN,14,0,3.2,0.4,1.1,.400,0.1,0.4,.167,0.4,0.6,.556,.433,0.3,0.3,1.000,0.4,0.4,0.7,0.2,0.1,0.1,0.2,0.5,1.2
105,Clint Capela,C,25,HOU,39,39,32.8,6.3,9.9,.629,0.0,0.0,,6.3,9.9,.629,.629,1.4,2.7,.529,4.3,9.5,13.8,1.2,0.8,1.8,1.6,2.6,13.9
106,DeMarre Carroll,SF,33,TOT,21,0,11.0,1.0,2.6,.389,0.3,1.3,.259,0.7,1.3,.519,.454,1.1,1.7,.667,0.5,1.7,2.2,0.9,0.2,0.2,0.8,1.3,3.5
107,DeMarre Carroll,SF,33,SAS,15,0,9.0,0.6,1.9,.310,0.2,0.9,.231,0.4,1.1,.375,.362,0.8,1.3,.600,0.5,1.6,2.1,0.7,0.1,0.1,0.7,1.3,2.2
108,DeMarre Carroll,SF,33,HOU,6,0,16.0,2.0,4.2,.480,0.7,2.3,.286,1.3,1.8,.727,.560,2.0,2.7,.750,0.7,2.0,2.7,1.2,0.3,0.3,1.0,1.3,6.7
109,Jevon Carter,PG,24,PHO,50,2,15.1,1.6,4.1,.400,0.9,2.3,.393,0.7,1.8,.409,.512,0.4,0.5,.840,0.5,1.5,2.0,1.3,0.8,0.3,0.6,1.5,4.6
110,Vince Carter,SF,43,ATL,60,0,14.6,1.8,5.1,.352,1.0,3.4,.302,0.8,1.7,.451,.452,0.4,0.5,.793,0.3,1.8,2.1,0.8,0.4,0.4,0.6,1.5,5.0
111,Wendell Carter Jr.,C,20,CHI,43,43,29.2,4.3,8.0,.534,0.1,0.7,.207,4.1,7.3,.564,.542,2.6,3.5,.737,3.2,6.2,9.4,1.2,0.8,0.8,1.7,3.8,11.3
112,Michael Carter-Williams,SG,28,ORL,42,0,18.4,2.5,5.8,.434,0.5,1.6,.294,2.0,4.1,.489,.475,1.7,2.1,.828,1.0,2.3,3.3,2.4,1.1,0.5,1.1,1.9,7.2
113,Alex Caruso,PG,25,LAL,58,1,17.8,1.9,4.5,.423,0.7,1.8,.355,1.2,2.6,.471,.496,1.0,1.3,.763,0.2,1.7,1.9,1.8,1.0,0.3,0.8,1.5,5.4
114,Willie Cauley-Stein,C,26,TOT,54,39,20.3,3.2,5.6,.579,0.0,0.0,.000,3.2,5.6,.581,.579,0.7,1.2,.606,1.6,4.3,5.8,1.3,0.9,1.1,0.7,2.2,7.2
115,Willie Cauley-Stein,C,26,GSW,41,37,22.9,3.5,6.3,.560,0.0,0.0,,3.5,6.3,.560,.560,0.9,1.4,.614,1.7,4.5,6.2,1.5,1.1,1.2,0.9,2.5,7.9
116,Willie Cauley-Stein,C,26,DAL,13,2,12.1,2.4,3.5,.689,0.0,0.1,.000,2.4,3.4,.705,.689,0.4,0.7,.556,1.0,3.6,4.6,0.8,0.3,0.8,0.4,1.5,5.2
117,Tyson Chandler,C,37,HOU,26,5,8.4,0.5,0.7,.778,0.0,0.0,,0.5,0.7,.778,.778,0.2,0.5,.462,1.0,1.6,2.5,0.2,0.2,0.3,0.3,1.2,1.3
118,Wilson Chandler,SF,32,BRK,35,3,21.0,2.1,5.2,.404,1.1,3.5,.306,1.1,1.8,.597,.505,0.6,0.7,.870,0.3,3.8,4.1,1.1,0.5,0.3,1.0,2.3,5.9
119,Joe Chealey,PG,24,CHO,4,0,8.3,0.0,1.8,.000,0.0,1.0,.000,0.0,0.8,.000,.000,0.5,0.5,1.000,0.0,0.0,0.0,0.3,1.0,0.0,0.5,0.5,0.5
120,Zylan Cheatham,SF,24,NOP,3,0,10.3,0.7,1.7,.400,0.0,0.3,.000,0.7,1.3,.500,.400,0.0,0.0,,0.3,1.7,2.0,0.7,0.0,0.3,1.0,1.7,1.3
121,Chris Chiozza,PG,24,TOT,21,0,11.9,1.5,3.8,.405,0.9,2.0,.439,0.7,1.8,.368,.519,0.1,0.1,1.000,0.3,1.4,1.7,2.3,0.7,0.1,0.8,1.1,4.0
122,Chris Chiozza,PG,24,WAS,10,0,12.3,1.0,3.4,.294,0.7,1.6,.438,0.3,1.8,.167,.397,0.0,0.0,,0.0,1.5,1.5,2.8,1.0,0.2,0.9,1.2,2.7
123,Chris Chiozza,PG,24,BRK,11,0,11.5,2.0,4.1,.489,1.0,2.3,.440,1.0,1.8,.550,.611,0.2,0.2,1.000,0.5,1.3,1.8,1.8,0.5,0.0,0.7,1.0,5.2
124,Marquese Chriss,PF,22,GSW,59,21,20.3,3.6,6.5,.545,0.1,0.7,.205,3.4,5.9,.584,.556,2.0,2.6,.769,1.9,4.3,6.2,1.9,0.7,1.1,1.3,2.1,9.3
125,Gary Clark,PF,25,TOT,35,1,12.1,1.1,2.9,.376,0.8,2.5,.326,0.3,0.4,.667,.515,0.2,0.3,.889,0.8,1.7,2.4,0.4,0.1,0.4,0.1,0.9,3.2
126,Gary Clark,PF,25,HOU,18,0,11.8,1.3,3.3,.390,1.0,2.8,.353,0.3,0.4,.625,.542,0.3,0.4,.857,0.6,1.6,2.2,0.7,0.1,0.4,0.1,1.2,3.9
127,Gary Clark,PF,25,ORL,17,1,12.5,0.9,2.5,.357,0.6,2.1,.286,0.3,0.4,.714,.476,0.1,0.1,1.000,0.9,1.7,2.6,0.2,0.2,0.4,0.2,0.6,2.5
128,Brandon Clarke,PF,23,MEM,50,3,21.7,5.1,8.2,.623,0.4,1.0,.404,4.7,7.1,.654,.648,1.5,1.9,.785,1.6,4.3,5.8,1.4,0.5,0.8,0.9,1.6,12.0
129,Jordan Clarkson,SG,27,TOT,63,0,24.2,5.6,12.0,.465,2.1,5.6,.368,3.5,6.3,.550,.551,1.9,2.3,.841,0.7,1.9,2.7,2.0,0.7,0.2,1.3,1.5,15.1
130,Jordan Clarkson,SG,27,CLE,29,0,23.0,5.0,11.2,.442,2.0,5.5,.371,2.9,5.8,.509,.532,2.6,3.0,.884,0.7,1.7,2.4,2.4,0.6,0.3,1.3,1.1,14.6
131,Jordan Clarkson,SG,27,UTA,34,0,25.3,6.1,12.6,.482,2.1,5.7,.366,4.0,6.9,.579,.566,1.4,1.7,.780,0.8,2.1,2.9,1.6,0.8,0.2,1.3,1.7,15.6
132,Nicolas Claxton,PF,20,BRK,15,0,12.5,1.8,3.2,.563,0.1,0.5,.143,1.7,2.7,.634,.573,0.7,1.4,.524,1.3,1.7,2.9,1.1,0.1,0.5,0.6,0.9,4.4
133,,,,,,,,,,,,,,,,,,,,,,,,,,,,,
134,Chris Clemons,SG,22,HOU,29,0,8.7,1.8,4.3,.405,1.1,3.2,.351,0.6,1.1,.563,.536,0.2,0.2,.857,0.1,0.7,0.8,0.8,0.2,0.2,0.6,0.7,4.9
135,Antonius Cleveland,SG,25,DAL,6,0,3.7,0.3,1.0,.333,0.0,0.2,.000,0.3,0.8,.400,.333,0.2,0.3,.500,0.0,0.5,0.5,0.0,0.2,0.2,0.2,0.3,0.8
136,Amir Coffey,SG,22,LAC,13,0,7.5,1.0,2.5,.394,0.1,0.5,.143,0.9,2.0,.462,.409,0.1,0.2,.333,0.3,0.8,1.1,0.7,0.1,0.1,0.2,0.9,2.2
137,John Collins,PF,22,ATL,41,41,33.2,8.6,14.8,.583,1.4,3.6,.401,7.2,11.2,.642,.632,2.9,3.7,.800,2.8,7.3,10.1,1.5,0.8,1.6,1.8,3.4,21.6
138,Zach Collins,PF,22,POR,3,3,28.7,3.0,6.3,.474,1.0,2.3,.429,2.0,4.0,.500,.553,2.0,2.0,1.000,1.3,2.7,4.0,2.0,0.0,0.7,2.0,3.7,9.0
139,Mike Conley,PG,32,UTA,41,35,28.6,4.8,11.9,.405,2.0,5.2,.376,2.9,6.7,.429,.488,2.3,2.9,.795,0.7,2.6,3.2,4.3,0.8,0.1,1.9,2.2,13.8
140,Pat Connaughton,SG,27,MIL,61,1,18.3,2.0,4.3,.456,0.7,2.2,.321,1.2,2.0,.605,.540,0.4,0.6,.750,0.9,3.3,4.2,1.6,0.3,0.5,0.8,1.0,5.1
141,Quinn Cook,PG,26,LAL,38,0,10.8,2.0,4.6,.439,0.7,1.7,.379,1.3,2.8,.477,.512,0.2,0.2,.667,0.2,0.9,1.1,1.1,0.3,0.0,0.7,0.6,4.8
142,Tyler Cook,PF,22,CLE,11,0,3.2,0.6,0.9,.700,0.0,0.0,,0.6,0.9,.700,.700,0.5,0.5,.833,0.4,0.5,0.9,0.1,0.1,0.0,0.1,0.4,1.7
143,Robert Covington,PF,29,TOT,62,60,30.1,4.5,10.5,.432,2.4,6.8,.349,2.1,3.6,.589,.546,1.4,1.7,.796,0.9,5.5,6.4,1.2,1.5,1.3,1.5,3.2,12.8
144,Robert Covington,PF,29,MIN,48,47,29.4,4.5,10.3,.435,2.3,6.5,.346,2.3,3.8,.587,.544,1.6,2.0,.798,0.8,5.2,6.0,1.2,1.7,0.9,1.5,3.1,12.8
145,Robert Covington,PF,29,HOU,14,13,32.6,4.6,10.9,.421,2.9,8.0,.357,1.7,2.9,.600,.553,0.8,1.0,.786,1.3,6.6,7.9,1.3,1.1,2.5,1.4,3.4,12.8
146,Allen Crabbe,SG,27,TOT,37,1,17.6,1.7,4.8,.356,1.0,3.2,.303,0.7,1.6,.466,.458,0.3,0.4,.714,0.3,1.8,2.1,0.9,0.4,0.1,0.5,1.3,4.6
147,Allen Crabbe,SG,27,ATL,28,1,18.6,1.9,5.1,.364,1.1,3.3,.323,0.8,1.8,.440,.469,0.3,0.4,.750,0.4,2.0,2.3,1.0,0.5,0.1,0.4,1.3,5.1
148,Allen Crabbe,SG,27,MIN,9,0,14.6,1.2,3.8,.324,0.7,2.9,.231,0.6,0.9,.625,.412,0.1,0.2,.500,0.1,1.2,1.3,0.6,0.0,0.0,0.6,1.2,3.2
149,Torrey Craig,SF,29,DEN,50,19,17.4,1.9,4.2,.462,0.7,2.2,.330,1.2,2.0,.606,.548,0.4,0.6,.645,1.0,2.2,3.1,0.7,0.4,0.6,0.4,2.2,5.0
150,Jae Crowder,SF,29,TOT,58,46,29.2,3.4,8.8,.384,1.9,6.1,.318,1.4,2.7,.532,.494,1.6,2.1,.785,0.8,5.3,6.1,2.6,1.2,0.4,1.1,2.2,10.4
151,Jae Crowder,SF,29,MEM,45,45,29.4,3.3,8.9,.368,1.7,5.9,.293,1.5,3.0,.519,.466,1.7,2.1,.789,0.9,5.3,6.2,2.8,1.0,0.3,1.2,1.9,9.9
152,Jae Crowder,SF,29,MIA,13,1,28.7,3.8,8.8,.439,2.7,6.8,.393,1.2,1.9,.600,.592,1.5,2.0,.769,0.6,5.2,5.8,2.0,1.5,0.5,0.6,3.2,11.9
153,Jarrett Culver,SG,20,MIN,63,35,23.9,3.7,9.0,.404,1.0,3.5,.299,2.6,5.5,.471,.462,0.9,1.9,.462,1.1,2.3,3.4,1.7,0.9,0.6,1.3,2.0,9.2
154,Seth Curry,SG,29,DAL,59,20,24.5,4.5,9.0,.500,2.3,5.1,.453,2.2,3.9,.560,.628,1.3,1.5,.841,0.4,1.9,2.4,2.0,0.6,0.1,1.0,1.7,12.6
155,Stephen Curry,PG,31,GSW,5,5,27.8,6.6,16.4,.402,2.4,9.8,.245,4.2,6.6,.636,.476,5.2,5.2,1.000,0.8,4.4,5.2,6.6,1.0,0.4,3.2,2.2,20.8
156,Troy Daniels,SG,28,TOT,42,0,10.9,1.5,3.8,.390,1.0,2.7,.354,0.5,1.1,.478,.516,0.2,0.4,.625,0.3,0.8,1.1,0.3,0.2,0.1,0.2,0.7,4.1
157,Troy Daniels,SG,28,LAL,41,0,11.1,1.5,3.9,.392,1.0,2.7,.357,0.5,1.1,.478,.519,0.2,0.4,.625,0.3,0.8,1.1,0.3,0.2,0.1,0.2,0.7,4.2
158,Troy Daniels,SG,28,DEN,1,0,1.0,0.0,1.0,.000,0.0,1.0,.000,0.0,0.0,,.000,0.0,0.0,,0.0,0.0,0.0,0.0,0.0,0.0,0.0,0.0,0.0
159,Anthony Davis,PF,26,LAL,55,55,34.3,9.2,18.1,.511,1.2,3.5,.335,8.1,14.5,.554,.544,7.0,8.3,.845,2.3,7.1,9.4,3.1,1.5,2.4,2.5,2.5,26.7
160,Ed Davis,C,30,UTA,25,0,10.7,0.6,1.4,.412,0.0,0.0,,0.6,1.4,.412,.412,0.2,0.4,.455,1.2,2.6,3.8,0.3,0.4,0.4,0.5,2.2,1.3
161,Terence Davis,SG,22,TOR,64,2,17.0,2.8,6.1,.463,1.4,3.5,.396,1.5,2.6,.550,.575,0.7,0.8,.865,0.7,2.7,3.4,1.7,0.5,0.2,1.0,1.6,7.7
162,,,,,,,,,,,,,,,,,,,,,,,,,,,,,
163,Dewayne Dedmon,C,30,TOT,44,18,17.6,2.3,5.8,.400,0.5,2.4,.206,1.8,3.4,.541,.443,0.7,0.8,.833,1.4,4.3,5.7,0.5,0.6,0.9,1.3,3.0,5.8
164,Dewayne Dedmon,C,30,SAC,34,10,15.9,2.0,5.0,.404,0.4,2.1,.197,1.6,2.9,.550,.444,0.7,0.8,.821,1.4,3.6,4.9,0.4,0.4,0.8,1.4,2.7,5.1
165,Dewayne Dedmon,C,30,ATL,10,8,23.3,3.3,8.4,.393,0.8,3.6,.222,2.5,4.8,.521,.440,0.7,0.8,.875,1.4,6.8,8.2,0.7,1.0,1.5,1.0,4.0,8.1
166,Matthew Dellavedova,PG,29,CLE,57,4,14.4,1.1,3.1,.354,0.4,1.6,.231,0.7,1.5,.488,.414,0.6,0.6,.865,0.3,1.0,1.3,3.2,0.4,0.0,1.0,1.4,3.1
167,DeMar DeRozan,SF,30,SAS,61,61,34.3,8.2,15.7,.526,0.1,0.5,.267,8.1,15.2,.535,.530,5.5,6.6,.843,0.6,5.0,5.6,5.6,1.0,0.2,2.4,2.7,22.2
168,Cheick Diallo,C,23,PHO,44,2,10.6,2.0,3.1,.650,0.0,0.0,.500,2.0,3.1,.652,.653,0.7,0.8,.865,0.6,2.3,2.9,0.5,0.2,0.3,0.7,1.2,4.8
169,Hamidou Diallo,SF,21,OKC,38,3,18.4,2.6,5.8,.452,0.2,0.9,.200,2.4,4.8,.500,.468,0.7,1.2,.622,0.8,2.4,3.2,0.6,0.7,0.2,1.0,2.2,6.1
170,Gorgui Dieng,C,30,TOT,58,17,17.4,2.7,5.9,.461,0.9,2.4,.359,1.8,3.5,.532,.535,1.1,1.4,.735,1.5,4.3,5.8,1.2,0.8,1.0,0.9,1.9,7.4
171,Gorgui Dieng,C,30,MIN,46,17,16.9,2.7,6.0,.448,1.0,2.6,.383,1.7,3.4,.497,.531,1.0,1.3,.797,1.6,4.0,5.6,1.3,0.8,0.9,1.0,1.9,7.4
172,Gorgui Dieng,C,30,MEM,12,0,19.5,2.8,5.5,.515,0.4,1.8,.227,2.4,3.7,.659,.553,1.2,2.0,.583,1.2,5.5,6.7,1.1,0.9,1.2,0.9,1.9,7.3
173,Spencer Dinwiddie,SG,26,BRK,64,49,31.2,6.6,16.0,.415,1.9,6.3,.308,4.7,9.7,.485,.476,5.4,7.0,.778,0.5,3.0,3.5,6.8,0.6,0.3,2.7,2.8,20.6
174,Donte DiVincenzo,SG,23,MIL,59,22,23.1,3.5,7.7,.462,1.3,3.7,.344,2.3,3.9,.576,.546,1.0,1.3,.769,1.0,3.9,4.9,2.3,1.4,0.3,1.2,1.6,9.4
175,Luka Dončić,PG,20,DAL,54,54,33.3,9.5,20.6,.461,2.9,9.1,.318,6.6,11.5,.574,.531,6.8,9.1,.752,1.3,8.0,9.3,8.7,1.1,0.2,4.2,2.5,28.7
176,Luguentz Dort,SG,20,OKC,29,21,22.0,2.2,5.4,.414,0.8,2.5,.301,1.5,2.9,.512,.484,1.0,1.2,.778,0.5,1.3,1.9,0.7,0.8,0.1,0.5,2.7,6.2
177,Damyean Dotson,SG,25,NYK,48,0,17.4,2.5,6.0,.414,1.2,3.4,.362,1.3,2.6,.480,.516,0.5,0.7,.667,0.2,1.7,1.9,1.2,0.5,0.1,0.4,0.9,6.7
178,Sekou Doumbouya,SF,19,DET,38,19,19.8,2.4,6.2,.390,0.7,2.6,.286,1.7,3.6,.464,.449,0.8,1.2,.674,0.5,2.6,3.1,0.5,0.5,0.2,0.9,2.1,6.4
179,PJ Dozier,PG,23,DEN,21,0,11.1,1.7,4.3,.396,0.3,1.3,.250,1.4,3.0,.460,.434,0.3,0.5,.636,0.2,1.2,1.4,1.4,0.3,0.2,0.5,1.3,4.1
180,Goran Dragić,PG,33,MIA,54,1,28.4,5.4,12.3,.437,2.2,5.8,.377,3.2,6.5,.491,.526,3.1,4.1,.769,0.5,2.6,3.1,5.1,0.6,0.1,2.5,1.9,16.1
181,Andre Drummond,C,26,TOT,57,56,33.0,7.3,13.8,.533,0.1,0.6,.143,7.2,13.1,.551,.536,3.0,5.2,.575,4.4,10.8,15.2,2.7,1.9,1.6,3.6,3.5,17.7
182,Andre Drummond,C,26,DET,49,48,33.8,7.3,13.9,.530,0.0,0.4,.048,7.3,13.4,.546,.531,3.0,5.2,.584,4.6,11.2,15.8,2.8,2.0,1.7,3.6,3.6,17.8
183,Andre Drummond,C,26,CLE,8,8,28.1,7.3,13.1,.552,0.5,1.8,.286,6.8,11.4,.593,.571,2.5,4.9,.513,3.0,8.1,11.1,1.8,1.5,1.4,3.6,3.1,17.5
184,Jared Dudley,SF,34,LAL,40,1,7.8,0.5,1.3,.400,0.4,0.9,.471,0.1,0.4,.250,.560,0.1,0.1,1.000,0.1,1.0,1.1,0.5,0.3,0.1,0.2,0.9,1.5
185,Kris Dunn,PG,25,CHI,51,32,24.9,3.0,6.7,.444,0.6,2.2,.259,2.4,4.5,.535,.487,0.8,1.1,.741,0.5,3.2,3.6,3.4,2.0,0.3,1.3,3.1,7.3
186,Carsen Edwards,SG,21,BOS,35,0,9.0,1.1,3.2,.327,0.6,1.9,.309,0.5,1.3,.356,.420,0.3,0.4,.846,0.2,1.1,1.2,0.6,0.3,0.1,0.4,0.9,3.0
187,Henry Ellenson,PF,23,BRK,5,0,3.0,0.2,1.4,.143,0.0,0.8,.000,0.2,0.6,.333,.143,0.0,0.0,,0.4,0.8,1.2,0.2,0.0,0.0,0.0,0.2,0.4
188,Wayne Ellington,SG,32,NYK,36,1,15.5,1.7,4.8,.351,1.4,4.0,.350,0.3,0.9,.355,.494,0.3,0.4,.846,0.1,1.7,1.8,1.2,0.4,0.1,0.5,1.1,5.1
189,,,,,,,,,,,,,,,,,,,,,,,,,,,,,
190,Joel Embiid,C,25,PHI,44,44,30.2,7.5,15.9,.474,1.3,3.7,.348,6.3,12.3,.511,.514,7.1,8.7,.814,2.8,9.0,11.8,3.1,0.9,1.3,3.1,3.4,23.4
191,James Ennis,SF,29,TOT,61,10,17.3,2.1,4.8,.435,0.8,2.3,.338,1.3,2.5,.523,.515,1.0,1.3,.808,1.0,2.3,3.3,0.9,0.5,0.3,0.7,1.8,6.0
192,James Ennis,SF,29,PHI,49,0,15.8,2.0,4.6,.442,0.8,2.2,.349,1.3,2.4,.525,.524,1.0,1.2,.787,1.0,2.1,3.1,0.8,0.5,0.3,0.6,1.7,5.8
193,James Ennis,SF,29,ORL,12,10,23.1,2.3,5.7,.412,0.8,2.8,.303,1.5,2.9,.514,.485,1.3,1.4,.882,1.1,3.0,4.1,1.1,0.5,0.5,1.0,2.0,6.8
194,Drew Eubanks,PF,22,SAS,14,3,9.3,1.5,2.0,.750,0.1,0.1,1.000,1.4,1.9,.741,.768,0.6,0.8,.727,0.6,1.9,2.5,0.4,0.1,0.4,0.7,1.5,3.6
195,Jacob Evans,SG,22,TOT,29,1,14.4,1.6,4.6,.336,0.4,1.3,.333,1.1,3.3,.337,.384,0.9,1.0,.862,0.3,1.1,1.4,1.1,0.4,0.4,0.9,1.4,4.4
196,Jacob Evans,SG,22,GSW,27,1,15.3,1.7,4.9,.338,0.5,1.4,.342,1.2,3.5,.337,.387,0.9,1.1,.862,0.3,1.2,1.5,1.1,0.4,0.4,0.9,1.5,4.7
197,Jacob Evans,SG,22,MIN,2,0,2.0,0.0,0.5,.000,0.0,0.5,.000,0.0,0.0,,.000,0.0,0.0,,0.0,0.0,0.0,0.0,0.0,0.0,0.0,0.0,0.0
198,Dante Exum,SG,24,TOT,35,1,13.9,1.6,3.4,.471,0.4,1.2,.349,1.2,2.2,.539,.534,0.9,1.2,.744,0.3,1.6,1.9,1.1,0.4,0.2,0.9,1.1,4.5
199,Dante Exum,SG,24,UTA,11,0,7.5,0.9,2.1,.435,0.2,0.5,.333,0.7,1.5,.471,.478,0.2,0.2,1.000,0.3,0.8,1.1,0.6,0.1,0.2,0.9,0.7,2.2
200,Dante Exum,SG,24,CLE,24,1,16.8,1.9,4.0,.479,0.5,1.5,.351,1.4,2.5,.559,.547,1.3,1.7,.732,0.4,1.9,2.3,1.4,0.5,0.3,0.9,1.3,5.6
201,Tacko Fall,C,24,BOS,6,0,4.0,1.5,2.0,.750,0.0,0.0,,1.5,2.0,.750,.750,0.2,0.5,.333,0.0,1.8,1.8,0.0,0.0,0.3,0.5,0.8,3.2
202,Derrick Favors,C,28,NOP,45,43,24.2,4.2,6.8,.620,0.0,0.2,.143,4.2,6.6,.631,.621,0.8,1.4,.581,3.3,6.6,9.9,1.7,0.6,1.0,1.1,2.2,9.2
203,Cristiano Felício,PF,27,CHI,22,0,17.5,1.5,2.5,.630,0.0,0.1,.000,1.5,2.4,.654,.630,0.8,1.0,.783,2.5,2.1,4.6,0.7,0.5,0.1,0.8,1.5,3.9
204,Terrance Ferguson,SF,21,OKC,50,37,23.4,1.5,4.0,.372,0.9,3.1,.297,0.6,0.9,.636,.487,0.3,0.4,.789,0.5,1.0,1.5,0.9,0.5,0.3,0.6,2.9,4.2
205,Bruno Fernando,C,21,ATL,56,13,12.7,1.8,3.6,.518,0.1,0.7,.135,1.8,2.9,.605,.530,0.5,0.9,.569,1.2,2.3,3.5,0.9,0.3,0.3,0.8,1.9,4.3
206,Yogi Ferrell,PG,26,SAC,44,0,11.0,1.5,3.8,.396,0.4,1.6,.275,1.1,2.3,.480,.453,0.7,0.8,.865,0.1,1.0,1.1,1.3,0.3,0.1,0.6,0.7,4.2
207,Dorian Finney-Smith,PF,26,DAL,64,61,29.7,3.3,7.1,.468,1.5,4.1,.374,1.8,3.0,.599,.577,1.1,1.5,.722,2.0,3.5,5.5,1.5,0.7,0.6,1.0,2.4,9.3
208,Bryn Forbes,SG,26,SAS,63,62,25.1,3.8,9.2,.417,2.3,6.0,.388,1.5,3.2,.470,.544,1.2,1.4,.833,0.2,1.8,2.0,1.7,0.5,0.0,0.9,1.8,11.2
209,Evan Fournier,SG,27,ORL,61,61,31.7,6.7,14.2,.470,2.7,6.7,.406,4.0,7.6,.525,.564,2.8,3.4,.820,0.3,2.3,2.6,3.2,1.1,0.2,2.0,2.4,18.8
210,De'Aaron Fox,PG,22,SAC,45,43,31.7,7.3,15.4,.475,1.0,3.4,.307,6.3,12.0,.523,.509,4.8,6.8,.703,0.7,3.4,4.0,6.8,1.4,0.5,3.1,2.9,20.4
211,Melvin Frazier,SG,23,ORL,15,0,3.4,0.4,1.1,.353,0.3,0.5,.571,0.1,0.7,.200,.471,0.1,0.3,.500,0.1,0.2,0.3,0.1,0.3,0.1,0.2,0.5,1.2
212,Michael Frazier,SG,25,HOU,8,0,8.3,0.5,1.4,.364,0.3,1.0,.250,0.3,0.4,.667,.455,0.5,0.8,.667,0.1,0.3,0.4,0.1,0.3,0.0,0.3,1.6,1.8
213,Tim Frazier,PG,29,DET,27,11,13.1,1.3,3.5,.362,0.4,1.1,.333,0.9,2.4,.375,.415,0.7,0.9,.792,0.3,0.9,1.2,3.4,0.5,0.1,1.3,1.6,3.6
214,Markelle Fultz,PG,21,ORL,64,59,28.3,5.0,10.6,.473,0.5,1.8,.254,4.5,8.7,.520,.496,1.6,2.2,.723,0.5,2.8,3.3,5.2,1.3,0.2,2.0,2.0,12.1
215,Wenyen Gabriel,PF,22,TOT,28,1,7.5,0.7,1.6,.435,0.2,0.7,.300,0.5,0.9,.538,.500,0.5,0.7,.700,0.6,1.0,1.6,0.3,0.4,0.2,0.6,1.3,2.1
216,Wenyen Gabriel,PF,22,SAC,11,0,5.5,0.5,1.5,.353,0.1,0.7,.125,0.5,0.8,.556,.382,0.5,0.9,.600,0.4,0.5,0.9,0.3,0.3,0.2,0.5,0.6,1.7
217,Wenyen Gabriel,PF,22,POR,17,1,8.8,0.8,1.7,.483,0.3,0.7,.417,0.5,1.0,.529,.569,0.5,0.6,.800,0.8,1.3,2.1,0.3,0.4,0.2,0.6,1.6,2.4
218,,,,,,,,,,,,,,,,,,,,,,,,,,,,,
219,Daniel Gafford,C,21,CHI,43,7,14.2,2.2,3.1,.701,0.0,0.0,,2.2,3.1,.701,.701,0.7,1.4,.533,1.2,1.3,2.5,0.5,0.3,1.3,0.7,2.3,5.1
220,Danilo Gallinari,PF,31,OKC,55,55,30.7,6.0,13.6,.439,3.0,7.3,.409,3.0,6.3,.474,.549,4.3,4.8,.886,0.6,4.9,5.5,2.1,0.7,0.1,1.3,1.2,19.2
221,Langston Galloway,SG,28,DET,66,6,25.8,3.6,8.2,.435,2.0,5.0,.399,1.6,3.2,.493,.557,1.1,1.3,.859,0.5,1.8,2.3,1.5,0.7,0.2,0.6,1.5,10.3
222,Darius Garland,PG,20,CLE,59,59,30.9,4.7,11.8,.401,1.8,5.0,.355,3.0,6.8,.434,.476,1.1,1.2,.875,0.5,1.4,1.9,3.9,0.7,0.1,2.6,1.6,12.3
223,Marc Gasol,C,35,TOR,36,35,27.5,2.8,6.6,.419,1.4,3.5,.402,1.3,3.0,.440,.528,0.7,1.0,.722,0.8,5.5,6.3,3.4,0.8,0.9,1.2,2.8,7.6
224,Rudy Gay,PF,33,SAS,60,5,21.5,3.7,8.4,.442,1.0,3.1,.314,2.7,5.3,.517,.500,1.7,1.9,.876,0.9,4.4,5.4,1.7,0.4,0.5,1.3,1.5,10.0
225,Paul George,SF,29,LAC,42,42,29.1,6.9,16.0,.432,3.2,7.9,.399,3.8,8.1,.463,.530,3.9,4.5,.882,0.5,5.2,5.7,3.9,1.3,0.5,2.7,2.4,21.0
226,Taj Gibson,C,34,NYK,62,56,16.5,2.7,4.6,.584,0.1,0.2,.286,2.6,4.4,.599,.591,0.7,0.9,.732,1.8,2.5,4.3,0.8,0.4,0.5,0.8,2.0,6.1
227,Harry Giles,PF,21,SAC,38,17,15.2,3.1,5.4,.560,0.0,0.0,,3.1,5.4,.560,.560,0.9,1.1,.767,0.9,3.3,4.2,1.3,0.6,0.4,0.9,2.6,7.0
228,Shai Gilgeous-Alexander,SG,21,OKC,63,63,35.1,7.0,14.8,.473,1.2,3.5,.351,5.8,11.3,.511,.514,4.0,5.0,.801,0.7,5.4,6.1,3.3,1.1,0.7,1.9,1.7,19.3
229,Rudy Gobert,C,27,UTA,62,62,34.5,5.7,8.2,.698,0.0,0.0,,5.7,8.2,.698,.698,3.7,5.9,.621,3.4,10.3,13.7,1.5,0.8,2.0,1.9,3.2,15.1
230,Brandon Goodwin,PG,24,ATL,34,1,12.6,2.2,5.6,.400,0.8,2.6,.299,1.5,3.0,.485,.468,0.8,0.9,.933,0.3,1.8,2.1,1.5,0.4,0.1,0.9,1.3,6.1
231,Aaron Gordon,PF,24,ORL,58,58,33.0,5.4,12.5,.433,1.2,3.9,.301,4.2,8.6,.492,.479,2.4,3.5,.675,1.8,5.8,7.6,3.7,0.9,0.6,1.6,2.0,14.4
232,Eric Gordon,SG,31,HOU,34,13,28.6,4.8,12.9,.370,2.7,8.5,.319,2.1,4.4,.467,.475,2.3,3.0,.757,0.2,1.7,1.9,1.5,0.6,0.4,1.1,2.0,14.5
233,Devonte' Graham,PG,24,CHO,63,53,35.1,5.8,15.3,.382,3.5,9.3,.373,2.4,6.0,.397,.495,3.0,3.7,.820,0.7,2.7,3.4,7.5,1.0,0.2,2.9,1.8,18.2
234,Treveon Graham,SG,26,TOT,55,20,16.9,1.6,4.4,.360,0.6,2.2,.275,1.0,2.2,.443,.428,0.7,1.0,.643,0.9,1.8,2.7,0.8,0.4,0.1,0.5,1.9,4.4
235,Treveon Graham,SG,26,MIN,33,20,20.1,1.9,5.3,.354,0.6,2.5,.241,1.3,2.8,.457,.411,0.8,1.1,.730,0.9,2.2,3.0,0.9,0.5,0.1,0.6,2.0,5.2
236,Treveon Graham,SG,26,ATL,22,0,12.1,1.1,3.0,.373,0.6,1.7,.351,0.5,1.4,.400,.470,0.4,0.9,.474,1.0,1.3,2.3,0.7,0.3,0.2,0.5,1.6,3.3
237,Jerami Grant,PF,25,DEN,64,22,26.2,4.1,8.7,.471,1.4,3.4,.400,2.7,5.3,.518,.550,2.0,2.7,.744,0.8,2.7,3.5,1.2,0.7,0.8,0.9,2.2,11.6
238,Josh Gray,PG,26,NOP,2,0,11.5,0.5,1.0,.500,0.0,0.0,,0.5,1.0,.500,.500,0.0,0.0,,0.5,0.5,1.0,1.0,0.0,0.0,2.5,0.5,1.0
239,Danny Green,SG,32,LAL,61,61,25.1,2.9,7.0,.419,1.9,4.9,.378,1.1,2.1,.516,.552,0.5,0.7,.727,0.7,2.7,3.4,1.4,1.2,0.5,0.9,2.1,8.2
240,Draymond Green,PF,29,GSW,43,43,28.4,2.9,7.3,.389,0.8,3.0,.279,2.0,4.3,.465,.446,1.5,1.9,.759,0.5,5.7,6.2,6.2,1.4,0.8,2.3,2.6,8.0
241,,,,,,,,,,,,,,,,,,,,,,,,,,,,,
242,JaMychal Green,PF,29,LAC,55,0,20.5,2.3,5.5,.414,1.3,3.7,.363,0.9,1.8,.520,.536,0.6,0.8,.727,1.4,5.0,6.3,0.8,0.5,0.4,0.8,2.7,6.5
243,Javonte Green,SF,26,BOS,44,1,9.4,1.1,2.2,.500,0.1,0.5,.261,1.0,1.7,.573,.531,0.5,0.8,.639,0.4,1.4,1.8,0.5,0.5,0.2,0.4,0.8,2.9
244,Jeff Green,PF,33,TOT,40,2,18.9,2.9,6.5,.444,1.2,3.5,.348,1.7,3.1,.553,.536,1.4,1.8,.781,0.6,2.3,2.8,0.8,0.5,0.4,0.9,1.6,8.4
245,Jeff Green,PF,33,UTA,30,2,18.4,2.5,6.5,.385,1.1,3.5,.327,1.4,3.0,.451,.472,1.6,2.1,.778,0.5,2.2,2.7,0.7,0.4,0.3,0.9,1.5,7.8
246,Jeff Green,PF,33,HOU,10,0,20.1,4.1,6.6,.621,1.4,3.4,.412,2.7,3.2,.844,.727,0.8,1.0,.800,0.9,2.3,3.2,1.2,0.9,0.5,0.9,1.9,10.4
247,Blake Griffin,PF,30,DET,18,18,28.4,4.9,13.9,.352,1.5,6.2,.243,3.4,7.7,.439,.406,4.2,5.4,.776,0.9,3.7,4.7,3.3,0.4,0.4,2.2,1.5,15.5
248,Marko Guduric,SG,24,MEM,42,0,11.3,1.5,3.7,.396,0.6,1.9,.309,0.9,1.7,.493,.477,0.5,0.6,.920,0.3,1.4,1.7,1.1,0.3,0.2,0.9,0.8,4.0
249,Kyle Guy,SG,22,SAC,2,0,2.0,0.5,1.0,.500,0.0,0.5,.000,0.5,0.5,1.000,.500,0.0,0.0,,0.0,0.0,0.0,0.0,0.0,0.0,0.0,0.0,1.0
250,Rui Hachimura,PF,21,WAS,41,41,29.7,5.3,11.1,.478,0.5,1.8,.274,4.8,9.3,.517,.500,2.2,2.7,.829,1.5,4.5,6.0,1.7,0.8,0.2,1.0,2.2,13.4
251,Devon Hall,SG,24,OKC,5,0,4.0,0.2,1.0,.200,0.0,0.4,.000,0.2,0.6,.333,.200,0.6,0.8,.750,0.0,0.2,0.2,0.6,0.0,0.0,0.2,0.2,1.0
252,Donta Hall,PF,22,DET,4,0,12.0,0.3,1.0,.250,0.0,0.0,,0.3,1.0,.250,.250,1.0,1.5,.667,1.5,2.3,3.8,0.5,0.3,0.3,0.5,2.3,1.5
253,Dusty Hannahs,SG,26,MEM,2,0,6.5,2.0,4.5,.444,1.0,1.5,.667,1.0,3.0,.333,.556,1.0,1.0,1.000,0.0,0.5,0.5,0.0,0.0,0.0,0.0,0.5,6.0
254,Tim Hardaway Jr.,SG,27,DAL,63,50,28.8,5.5,12.6,.437,2.9,7.2,.407,2.6,5.3,.478,.554,1.9,2.4,.801,0.4,2.8,3.1,2.0,0.6,0.1,1.0,1.7,15.8
255,James Harden,SG,30,HOU,61,61,36.7,9.9,22.7,.435,4.4,12.6,.352,5.4,10.1,.538,.533,10.1,11.8,.861,1.0,5.3,6.4,7.4,1.7,0.9,4.5,3.4,34.4
256,Maurice Harkless,SF,26,TOT,62,48,23.0,2.3,4.6,.502,0.5,1.6,.347,1.7,3.0,.584,.562,0.6,1.1,.591,0.9,3.0,3.9,1.1,0.9,0.5,0.9,2.4,5.8
257,Maurice Harkless,SF,26,LAC,50,38,22.8,2.2,4.3,.516,0.5,1.5,.370,1.7,2.9,.590,.578,0.5,0.8,.571,0.9,3.1,4.0,1.0,1.0,0.6,0.9,2.4,5.5
258,Maurice Harkless,SF,26,NYK,12,10,23.8,2.5,5.5,.455,0.6,2.1,.280,1.9,3.4,.561,.508,1.3,2.0,.625,0.7,2.7,3.3,1.7,0.8,0.3,0.6,2.3,6.8
259,Jared Harper,PG,22,PHO,3,0,2.7,0.3,1.3,.250,0.0,0.7,.000,0.3,0.7,.500,.250,0.0,0.0,,0.0,0.0,0.0,0.0,0.0,0.0,0.0,0.0,0.7
260,Montrezl Harrell,C,26,LAC,63,2,27.8,7.5,12.9,.580,0.0,0.3,.000,7.5,12.6,.593,.580,3.7,5.6,.658,2.6,4.5,7.1,1.7,0.6,1.1,1.7,2.3,18.6
261,Gary Harris,SG,25,DEN,56,55,31.8,3.9,9.3,.420,1.3,3.8,.333,2.6,5.5,.479,.487,1.3,1.6,.815,0.5,2.4,2.9,2.1,1.4,0.3,1.1,2.1,10.4
262,Joe Harris,SF,28,BRK,63,63,30.9,5.3,11.2,.471,2.4,5.9,.412,2.9,5.3,.536,.579,1.0,1.3,.747,1.0,3.4,4.3,2.1,0.6,0.3,1.5,2.2,13.9
263,Tobias Harris,PF,27,PHI,65,65,34.5,7.6,16.1,.472,1.8,5.0,.362,5.8,11.1,.521,.528,2.4,2.9,.806,0.8,5.9,6.8,3.2,0.8,0.5,1.5,2.3,19.4
264,Shaquille Harrison,SF,26,CHI,43,10,11.3,1.8,3.8,.467,0.4,1.0,.381,1.4,2.9,.496,.515,0.9,1.2,.780,0.5,1.5,2.0,1.1,0.8,0.4,0.4,1.3,4.9
265,Josh Hart,SF,24,NOP,57,14,27.4,3.5,8.4,.416,1.9,5.7,.342,1.6,2.7,.571,.531,1.2,1.6,.747,0.9,5.5,6.5,1.6,1.0,0.4,1.1,2.5,10.2
266,,,,,,,,,,,,,,,,,,,,,,,,,,,,,
267,Isaiah Hartenstein,C,21,HOU,23,2,11.6,1.9,2.9,.657,0.0,0.2,.000,1.9,2.7,.710,.657,0.8,1.2,.679,1.3,2.7,3.9,0.8,0.4,0.5,0.7,1.8,4.7
268,Udonis Haslem,PF,39,MIA,3,0,7.0,0.3,2.0,.167,0.0,0.7,.000,0.3,1.3,.250,.167,1.0,1.3,.750,0.0,2.7,2.7,0.3,0.0,0.0,0.0,1.0,1.7
269,Jaxson Hayes,C,19,NOP,56,12,17.0,2.8,4.2,.660,0.0,0.1,.250,2.8,4.1,.667,.662,1.9,3.1,.630,1.5,2.5,4.0,0.9,0.4,0.9,0.7,2.5,7.5
270,Gordon Hayward,SF,29,BOS,45,45,33.4,6.8,13.5,.502,1.6,4.2,.392,5.1,9.3,.553,.563,2.1,2.5,.847,1.0,5.5,6.5,4.1,0.8,0.4,1.8,1.8,17.3
271,John Henson,PF,29,TOT,40,8,15.0,2.4,4.3,.556,0.2,0.9,.222,2.2,3.4,.644,.579,0.6,1.2,.500,1.2,2.9,4.1,1.4,0.6,1.1,0.9,2.0,5.5
272,John Henson,PF,29,CLE,29,2,14.2,2.1,4.1,.508,0.2,1.1,.194,1.9,3.1,.618,.533,0.6,1.1,.515,1.1,2.8,3.9,1.5,0.6,1.1,0.7,1.9,5.0
273,John Henson,PF,29,DET,11,6,17.1,3.1,4.6,.667,0.2,0.5,.400,2.9,4.2,.696,.686,0.5,1.2,.462,1.3,3.1,4.4,1.0,0.7,0.9,1.4,2.1,6.9
274,Dewan Hernandez,C,23,TOR,4,0,2.8,0.3,1.3,.200,0.0,0.3,.000,0.3,1.0,.250,.200,0.5,0.5,1.000,0.5,1.3,1.8,0.0,0.3,0.0,0.3,1.5,1.0
275,Juan Hernangómez,PF,24,TOT,48,14,17.4,2.1,5.1,.405,0.9,2.7,.341,1.2,2.5,.475,.494,0.9,1.5,.620,0.9,3.2,4.1,0.8,0.4,0.2,0.7,1.3,6.0
276,Juan Hernangómez,PF,24,DEN,34,0,12.4,1.1,3.2,.345,0.4,1.8,.250,0.7,1.5,.460,.414,0.5,0.7,.640,0.7,2.1,2.8,0.6,0.1,0.1,0.5,0.9,3.1
277,Juan Hernangómez,PF,24,MIN,14,14,29.4,4.4,9.8,.453,2.1,4.9,.420,2.4,4.9,.485,.558,2.0,3.3,.609,1.4,5.9,7.3,1.3,1.0,0.3,1.0,2.5,12.9
278,Willy Hernangómez,C,25,CHO,31,0,12.1,2.4,4.5,.532,0.2,0.7,.227,2.2,3.8,.590,.550,1.2,1.9,.627,1.4,2.9,4.3,0.9,0.3,0.2,1.0,1.0,6.1
279,Tyler Herro,SG,20,MIA,47,6,27.2,4.7,11.3,.414,2.1,5.4,.391,2.6,5.9,.434,.507,1.4,1.7,.835,0.3,3.7,4.0,1.9,0.6,0.1,1.5,1.3,12.9
280,Kevin Hervey,PF,23,OKC,7,0,2.7,0.1,1.6,.091,0.0,1.1,.000,0.1,0.4,.333,.091,0.0,0.0,,0.0,0.3,0.3,0.1,0.0,0.0,0.0,0.1,0.3
281,Mario Hezonja,PF,24,POR,47,4,16.3,1.7,4.0,.429,0.4,1.4,.328,1.3,2.7,.480,.484,0.9,1.1,.824,0.6,2.9,3.4,0.9,0.6,0.2,0.8,2.0,4.8
282,Buddy Hield,SG,27,SAC,64,44,32.0,7.1,16.6,.429,3.8,9.7,.395,3.3,6.9,.477,.544,1.8,2.0,.855,0.9,3.9,4.8,3.1,0.9,0.3,2.3,2.3,19.8
283,George Hill,PG,33,MIL,52,0,21.2,3.4,6.5,.530,1.4,2.9,.480,2.0,3.5,.571,.638,1.3,1.6,.831,0.9,2.1,3.0,2.9,0.8,0.1,0.9,1.4,9.6
284,Solomon Hill,SF,28,TOT,54,4,18.4,1.9,4.6,.403,1.1,2.9,.378,0.8,1.7,.446,.522,0.6,0.8,.714,0.5,2.4,2.9,1.8,0.7,0.2,0.9,1.4,5.4
285,Solomon Hill,SF,28,MEM,48,3,18.8,2.0,4.9,.412,1.2,3.1,.381,0.8,1.8,.465,.532,0.5,0.8,.684,0.5,2.5,3.0,2.0,0.6,0.1,0.8,1.5,5.7
286,Solomon Hill,SF,28,MIA,6,1,15.2,0.7,2.5,.267,0.5,1.5,.333,0.2,1.0,.167,.367,0.7,0.7,1.000,0.5,1.2,1.7,0.7,0.8,0.8,1.2,0.8,2.5
287,Jaylen Hoard,SF,20,POR,13,0,7.9,1.2,2.5,.469,0.0,0.2,.000,1.2,2.2,.517,.469,0.6,1.0,.615,1.1,1.4,2.5,0.3,0.4,0.0,0.3,0.9,2.9
288,Aaron Holiday,PG,23,IND,58,26,23.6,3.5,8.6,.407,1.4,3.5,.394,2.1,5.1,.416,.488,1.1,1.2,.861,0.4,1.9,2.3,3.3,0.8,0.2,1.3,1.8,9.4
289,Jrue Holiday,SG,29,NOP,55,55,34.9,7.7,16.9,.452,2.1,5.9,.357,5.6,11.1,.502,.514,2.2,3.1,.700,1.3,3.6,4.9,6.9,1.7,0.8,2.9,2.3,19.6
290,Justin Holiday,SG,30,IND,65,2,24.9,2.9,6.6,.440,1.9,4.4,.424,1.0,2.2,.472,.581,0.7,0.9,.780,0.5,2.7,3.2,1.3,1.2,0.6,0.6,1.8,8.4
291,Rondae Hollis-Jefferson,SF,25,TOR,52,5,19.2,2.7,5.7,.471,0.0,0.3,.118,2.6,5.3,.493,.475,1.8,2.5,.736,2.0,2.9,4.9,1.7,0.8,0.4,0.9,2.0,7.2
292,Richaun Holmes,C,26,SAC,39,33,28.8,5.4,8.2,.654,0.0,0.0,,5.4,8.2,.654,.654,2.1,2.6,.800,3.0,5.3,8.3,1.0,1.0,1.4,1.3,3.9,12.8
293,,,,,,,,,,,,,,,,,,,,,,,,,,,,,
294,Rodney Hood,SF,27,POR,21,21,29.5,4.1,8.2,.506,1.7,3.4,.493,2.5,4.8,.515,.608,1.0,1.3,.778,0.5,3.0,3.4,1.5,0.8,0.2,0.9,2.2,11.0
295,Al Horford,C,33,PHI,60,57,30.8,4.8,10.9,.442,1.5,4.4,.337,3.3,6.5,.513,.510,0.9,1.2,.753,1.5,5.3,6.9,4.1,0.9,0.9,1.1,2.1,12.0
296,Talen Horton-Tucker,SG,19,LAL,2,0,2.5,0.0,0.5,.000,0.0,0.5,.000,0.0,0.0,,.000,0.0,0.0,,0.0,0.0,0.0,1.0,0.5,0.0,0.0,0.0,0.0
297,Danuel House,SF,26,HOU,58,47,30.0,3.6,8.3,.427,1.9,5.4,.363,1.6,2.9,.544,.545,1.2,1.5,.800,1.0,3.3,4.2,1.3,1.1,0.6,0.8,2.1,10.2
298,Dwight Howard,C,34,LAL,62,2,19.2,3.0,4.1,.732,0.0,0.1,.600,3.0,4.1,.734,.737,1.4,2.9,.494,2.5,4.9,7.4,0.7,0.4,1.2,1.2,3.2,7.5
299,William Howard,SG,26,HOU,2,0,6.5,0.0,2.0,.000,0.0,2.0,.000,0.0,0.0,,.000,0.0,0.0,,0.0,1.0,1.0,0.5,0.0,0.0,0.5,0.5,0.0
300,Kevin Huerter,SG,21,ATL,56,48,31.4,4.5,10.9,.413,2.3,6.0,.380,2.2,4.9,.453,.517,0.9,1.1,.828,0.6,3.4,4.1,3.8,0.9,0.5,1.6,2.5,12.2
301,De'Andre Hunter,SF,22,ATL,63,62,32.0,4.4,10.8,.410,1.7,4.8,.355,2.7,6.0,.454,.489,1.7,2.3,.764,0.7,3.8,4.5,1.8,0.7,0.3,1.6,2.9,12.3
302,Chandler Hutchison,SF,23,CHI,28,10,18.8,2.9,6.3,.457,0.4,1.4,.316,2.4,4.9,.496,.491,1.6,2.8,.590,0.6,3.2,3.9,0.9,1.0,0.3,1.0,1.7,7.8
303,Serge Ibaka,C,30,TOR,50,27,27.5,6.5,12.5,.518,1.3,3.3,.398,5.1,9.1,.562,.571,1.8,2.4,.748,2.1,6.2,8.3,1.5,0.5,0.8,2.0,2.8,16.0
304,Andre Iguodala,SG,36,MIA,14,0,18.5,1.8,3.6,.490,0.6,1.7,.375,1.1,1.9,.593,.578,0.1,0.6,.250,0.7,3.1,3.8,2.0,0.6,1.1,1.2,2.0,4.4
305,Ersan İlyasova,PF,32,MIL,56,8,16.0,2.4,5.2,.472,0.8,2.2,.371,1.6,3.0,.548,.552,1.1,1.3,.827,1.1,3.9,4.9,0.8,0.4,0.3,0.6,1.6,6.8
306,Joe Ingles,SF,32,UTA,64,37,29.9,3.4,7.7,.441,1.9,4.8,.397,1.5,2.9,.516,.566,1.0,1.3,.774,0.4,3.6,4.0,5.2,0.9,0.1,1.9,2.1,9.8
307,Brandon Ingram,PF,22,NOP,56,56,34.3,8.4,18.0,.466,2.4,6.3,.387,5.9,11.6,.509,.534,5.1,5.9,.858,0.9,5.4,6.3,4.3,1.0,0.7,3.1,2.9,24.3
308,Kyrie Irving,PG,27,BRK,20,20,32.9,10.0,20.8,.478,2.8,7.1,.394,7.2,13.7,.522,.546,4.7,5.1,.922,1.1,4.1,5.2,6.4,1.4,0.5,2.6,2.7,27.4
309,Jonathan Isaac,SF,22,ORL,32,32,29.7,4.7,10.1,.463,0.9,2.8,.330,3.7,7.2,.515,.509,1.8,2.3,.767,1.8,5.2,6.9,1.4,1.6,2.4,1.5,2.5,12.0
310,Wesley Iwundu,SF,25,ORL,45,18,18.0,1.7,4.3,.397,0.5,1.5,.313,1.2,2.8,.441,.451,1.4,1.7,.816,0.5,2.0,2.5,1.0,0.6,0.2,0.4,1.4,5.3
311,Frank Jackson,PG,21,NOP,51,1,12.9,1.9,5.0,.385,0.8,2.4,.325,1.2,2.7,.438,.461,0.9,1.3,.750,0.4,1.0,1.4,0.8,0.3,0.1,0.8,1.3,5.6
312,Jaren Jackson Jr.,C,20,MEM,54,54,28.0,6.1,13.0,.468,2.5,6.3,.397,3.6,6.7,.535,.564,2.3,3.1,.741,1.0,3.7,4.7,1.4,0.7,1.6,1.7,4.1,16.9
313,Josh Jackson,SG,22,MEM,18,0,19.8,3.8,8.6,.439,1.3,4.0,.319,2.5,4.6,.542,.513,1.6,2.4,.659,0.6,2.6,3.2,1.7,1.0,0.5,1.4,2.2,10.4
314,,,,,,,,,,,,,,,,,,,,,,,,,,,,,
315,Justin Jackson,PF,24,DAL,58,2,16.0,2.1,5.4,.399,0.8,2.6,.298,1.4,2.8,.494,.471,0.6,0.8,.818,0.5,2.0,2.4,0.8,0.2,0.2,0.2,1.0,5.7
316,Reggie Jackson,PG,29,TOT,23,11,24.2,4.7,11.2,.416,2.0,4.9,.398,2.7,6.3,.431,.504,1.5,1.9,.814,0.7,2.3,2.9,4.4,0.4,0.2,1.7,1.7,12.8
317,Reggie Jackson,PG,29,DET,14,10,27.2,5.4,14.1,.384,2.2,5.9,.378,3.2,8.3,.388,.462,1.9,2.4,.788,0.8,2.1,2.9,5.1,0.6,0.1,1.6,1.5,14.9
318,Reggie Jackson,PG,29,LAC,9,1,19.4,3.4,6.6,.525,1.6,3.4,.452,1.9,3.1,.607,.644,1.0,1.1,.900,0.4,2.4,2.9,3.2,0.2,0.4,1.9,2.1,9.4
319,Justin James,SG,23,SAC,34,0,6.4,1.0,2.3,.423,0.3,0.8,.346,0.7,1.5,.462,.481,0.3,0.6,.476,0.2,0.7,0.9,0.5,0.2,0.3,0.2,0.5,2.5
320,LeBron James,PG,35,LAL,60,60,34.9,9.8,19.6,.498,2.2,6.4,.349,7.6,13.3,.570,.555,4.0,5.7,.697,1.0,6.9,7.9,10.6,1.2,0.5,4.0,1.8,25.7
321,Amile Jefferson,PF,26,ORL,18,0,4.1,0.3,0.8,.357,0.0,0.0,,0.3,0.8,.357,.357,0.3,0.8,.357,0.6,0.7,1.3,0.2,0.1,0.2,0.2,0.4,0.8
322,DaQuan Jeffries,SG,22,SAC,6,0,3.2,0.5,1.2,.429,0.2,0.7,.250,0.3,0.5,.667,.500,0.0,0.0,,0.2,0.0,0.2,0.2,0.2,0.0,0.0,0.5,1.2
323,Ty Jerome,PG,22,PHO,28,0,11.3,1.3,3.8,.349,0.5,1.7,.277,0.9,2.1,.407,.410,0.4,0.5,.786,0.2,1.3,1.5,1.5,0.5,0.1,0.6,1.0,3.5
324,Alize Johnson,SF,23,IND,13,0,4.2,0.5,1.2,.467,0.0,0.0,,0.5,1.2,.467,.467,0.3,0.5,.667,0.5,0.8,1.4,0.2,0.0,0.0,0.2,0.5,1.4
325,B.J. Johnson,SF,24,ORL,8,0,5.8,0.6,2.3,.278,0.1,0.8,.167,0.5,1.5,.333,.306,0.3,0.3,1.000,0.1,0.6,0.8,0.3,0.3,0.0,0.4,0.0,1.6
326,Cameron Johnson,PF,23,PHO,49,1,20.3,2.8,6.6,.418,1.9,4.7,.397,0.9,2.0,.469,.558,0.7,0.9,.761,0.8,2.1,2.9,1.1,0.6,0.3,0.6,1.5,8.1
327,James Johnson,PF,32,TOT,32,1,19.3,3.2,6.7,.479,1.0,2.8,.363,2.2,3.9,.565,.556,1.0,1.5,.646,0.8,2.9,3.7,2.3,0.8,1.0,1.5,2.5,8.4
328,James Johnson,PF,32,MIA,18,0,15.6,2.2,4.8,.448,0.9,2.5,.356,1.3,2.3,.548,.540,0.4,0.8,.571,0.4,2.4,2.9,1.2,0.3,0.7,0.8,1.9,5.7
329,James Johnson,PF,32,MIN,14,1,24.1,4.6,9.1,.500,1.2,3.3,.370,3.4,5.9,.573,.566,1.6,2.4,.676,1.2,3.5,4.7,3.8,1.4,1.4,2.4,3.3,12.0
330,Keldon Johnson,SF,20,SAS,9,0,10.2,1.8,3.4,.516,0.2,0.6,.400,1.6,2.9,.538,.548,0.8,1.1,.700,0.6,1.3,1.9,0.7,0.6,0.1,0.3,1.0,4.6
331,Stanley Johnson,PF,23,TOR,20,0,4.8,0.4,1.6,.258,0.1,0.7,.154,0.3,0.9,.333,.290,0.3,0.3,.833,0.2,1.0,1.1,0.4,0.2,0.1,0.4,0.5,1.2
332,Tyler Johnson,SG,27,PHO,31,3,16.6,2.1,5.5,.380,0.8,2.7,.289,1.3,2.8,.466,.450,0.8,1.0,.750,0.3,1.4,1.7,1.6,0.4,0.3,0.8,1.4,5.7
333,Nikola Jokić,C,24,DEN,65,65,32.3,7.9,14.9,.528,1.1,3.5,.314,6.8,11.4,.594,.565,3.4,4.1,.813,2.4,7.8,10.2,6.9,1.2,0.7,3.1,3.1,20.2
334,Damian Jones,C,24,ATL,55,27,16.1,2.2,3.2,.680,0.0,0.2,.222,2.2,3.1,.704,.685,1.1,1.5,.738,1.3,2.4,3.7,0.6,0.5,0.7,0.5,2.7,5.6
335,Derrick Jones Jr.,SF,22,MIA,51,15,24.5,3.3,6.3,.514,0.7,2.5,.270,2.6,3.9,.670,.567,1.7,2.2,.779,1.1,3.1,4.2,1.1,1.1,0.7,0.5,2.2,8.9
336,Tyus Jones,PG,23,MEM,65,6,19.0,3.0,6.6,.459,0.7,1.9,.379,2.3,4.7,.492,.514,0.7,0.9,.741,0.1,1.4,1.6,4.4,0.9,0.1,0.8,0.7,7.4
337,DeAndre Jordan,C,31,BRK,56,6,22.0,3.4,5.1,.666,0.0,0.0,,3.4,5.1,.666,.666,1.5,2.2,.680,2.5,7.5,10.0,1.9,0.3,0.9,1.3,2.0,8.3
338,Cory Joseph,PG,28,SAC,64,22,24.0,2.4,5.8,.420,0.7,2.1,.351,1.7,3.7,.460,.484,0.8,0.9,.828,0.6,2.0,2.5,3.4,0.7,0.3,1.0,1.9,6.3
339,,,,,,,,,,,,,,,,,,,,,,,,,,,,,
340,Mfiondu Kabengele,C,22,LAC,12,0,5.3,1.2,2.7,.438,0.8,1.7,.450,0.4,1.0,.417,.578,0.4,0.4,1.000,0.1,0.8,0.9,0.2,0.2,0.2,0.2,0.8,3.5
341,Frank Kaminsky,C,26,PHO,32,13,22.4,4.0,8.7,.455,1.2,3.5,.348,2.8,5.2,.527,.525,1.8,2.8,.670,0.9,4.0,4.9,2.2,0.4,0.3,1.0,2.2,11.0
342,Enes Kanter,C,27,BOS,51,6,17.5,3.5,6.1,.566,0.0,0.1,.143,3.4,6.0,.576,.568,1.2,1.7,.708,2.8,5.0,7.7,1.0,0.4,0.7,1.0,1.7,8.2
343,Luke Kennard,SG,23,DET,28,25,32.9,5.4,12.2,.442,2.6,6.5,.399,2.8,5.7,.491,.548,2.4,2.7,.893,0.3,3.2,3.5,4.1,0.4,0.2,1.5,2.3,15.8
344,Stanton Kidd,SF,27,UTA,4,0,3.8,0.0,0.8,.000,0.0,0.3,.000,0.0,0.5,.000,.000,0.0,0.0,,0.0,0.8,0.8,0.3,0.0,0.0,0.5,0.8,0.0
345,Michael Kidd-Gilchrist,PF-SF,26,TOT,21,0,11.0,0.9,2.9,.317,0.2,1.0,.250,0.7,1.9,.350,.358,0.4,0.5,.818,0.6,2.0,2.6,0.6,0.1,0.2,0.6,1.5,2.5
346,Michael Kidd-Gilchrist,PF,26,CHO,12,0,13.3,1.5,4.4,.340,0.4,1.4,.294,1.1,3.0,.361,.387,0.6,0.8,.778,0.8,2.2,2.9,0.8,0.0,0.3,0.6,1.5,4.0
347,Michael Kidd-Gilchrist,SF,26,DAL,9,0,7.9,0.1,0.8,.143,0.0,0.3,.000,0.1,0.4,.250,.143,0.2,0.2,1.000,0.3,1.9,2.2,0.3,0.2,0.2,0.7,1.6,0.4
348,Louis King,SF,20,DET,10,0,6.2,0.8,2.1,.381,0.4,1.1,.364,0.4,1.0,.400,.476,0.0,0.3,.000,0.1,0.9,1.0,0.5,0.2,0.0,0.2,1.0,2.0
349,Maxi Kleber,C,28,DAL,66,21,25.7,3.2,7.1,.459,1.6,4.3,.374,1.6,2.7,.594,.574,1.0,1.2,.863,1.5,3.9,5.4,1.2,0.3,1.2,0.7,2.3,9.2
350,Brandon Knight,PG,28,TOT,25,3,18.5,2.4,6.7,.353,1.8,5.2,.344,0.6,1.4,.389,.488,0.8,1.4,.588,0.2,1.5,1.6,2.8,0.4,0.1,1.5,1.6,7.3
351,Brandon Knight,PG,28,CLE,16,0,15.1,1.8,5.4,.326,1.2,4.0,.297,0.6,1.4,.409,.436,0.3,0.8,.308,0.2,1.1,1.3,1.9,0.3,0.1,1.0,1.3,4.9
352,Brandon Knight,PG,28,DET,9,3,24.6,3.4,9.0,.383,2.9,7.4,.388,0.6,1.6,.357,.543,1.8,2.3,.762,0.1,2.2,2.3,4.2,0.6,0.1,2.4,2.2,11.6
353,Kevin Knox,SF,20,NYK,65,4,17.9,2.2,6.2,.359,1.0,3.1,.327,1.2,3.1,.391,.440,1.0,1.6,.653,0.4,2.4,2.8,0.9,0.4,0.4,0.7,1.6,6.4
354,John Konchar,SG,23,MEM,15,0,11.1,1.5,2.3,.657,0.3,0.6,.444,1.3,1.7,.731,.714,0.1,0.1,.500,1.2,1.9,3.1,1.4,0.5,0.2,0.4,0.5,3.4
355,Furkan Korkmaz,SG,22,PHI,64,12,21.8,3.5,8.0,.432,2.0,5.0,.397,1.5,3.1,.487,.554,0.8,1.1,.736,0.3,2.1,2.3,1.1,0.6,0.2,0.8,1.4,9.7
356,Luke Kornet,C,24,CHI,36,14,15.5,2.3,5.2,.439,0.9,3.0,.287,1.4,2.2,.646,.521,0.6,0.8,.714,0.6,1.7,2.3,0.9,0.3,0.7,0.4,1.5,6.0
357,Kyle Korver,SF,38,MIL,50,0,16.7,2.2,5.2,.429,1.7,4.1,.415,0.5,1.0,.481,.595,0.6,0.7,.824,0.3,1.8,2.1,1.2,0.4,0.2,0.8,1.4,6.7
358,Rodions Kurucs,PF,21,BRK,39,4,12.8,1.5,3.4,.448,0.6,1.7,.385,0.9,1.8,.507,.541,0.4,0.7,.607,0.5,2.0,2.5,0.8,0.4,0.1,0.9,1.7,4.2
359,Kyle Kuzma,PF,24,LAL,54,7,24.6,4.7,10.9,.432,1.3,4.4,.297,3.4,6.5,.523,.491,1.8,2.4,.738,0.9,3.6,4.5,1.3,0.4,0.4,1.6,2.0,12.5
360,Skal Labissière,C,23,POR,33,1,17.2,2.5,4.5,.551,0.1,0.4,.231,2.4,4.1,.582,.561,0.8,1.0,.758,2.0,3.2,5.1,1.3,0.2,0.9,0.9,2.7,5.8
361,Jeremy Lamb,SG,27,IND,46,42,28.1,4.7,10.4,.451,1.2,3.4,.335,3.5,7.0,.508,.506,2.0,2.4,.836,0.5,3.8,4.3,2.1,1.2,0.5,1.1,2.3,12.5
362,Romeo Langford,SG,20,BOS,27,1,11.0,0.9,2.4,.375,0.2,0.9,.217,0.7,1.5,.463,.414,0.6,0.9,.696,0.5,0.7,1.2,0.2,0.3,0.2,0.3,1.1,2.6
363,Zach LaVine,SG,24,CHI,60,60,34.8,9.0,20.0,.450,3.1,8.1,.380,5.9,11.9,.497,.526,4.5,5.6,.802,0.7,4.1,4.8,4.2,1.5,0.5,3.4,2.2,25.5
364,,,,,,,,,,,,,,,,,,,,,,,,,,,,,
365,Vic Law,SF,24,ORL,5,0,1.8,0.0,0.6,.000,0.0,0.2,.000,0.0,0.4,.000,.000,0.0,0.4,.000,0.0,0.2,0.2,0.0,0.0,0.0,0.0,0.0,0.0
366,Jake Layman,PF,25,MIN,23,2,22.0,3.5,7.8,.453,1.0,3.1,.333,2.5,4.7,.533,.520,1.0,1.4,.750,0.7,1.7,2.5,0.7,0.7,0.4,1.0,2.0,9.1
367,T.J. Leaf,PF,22,IND,25,1,7.7,1.2,2.8,.435,0.2,0.6,.357,1.0,2.2,.455,.471,0.3,0.5,.583,0.8,1.7,2.6,0.2,0.3,0.1,0.3,0.7,2.9
368,Jalen Lecque,PG,19,PHO,4,0,6.5,1.0,2.5,.400,0.0,1.0,.000,1.0,1.5,.667,.400,0.5,0.5,1.000,0.0,0.0,0.0,0.5,0.0,0.0,0.3,0.5,2.5
369,Courtney Lee,SG,34,DAL,24,9,14.4,1.7,3.4,.488,0.9,2.0,.447,0.8,1.5,.543,.616,0.3,0.3,.857,0.3,1.0,1.3,0.5,0.8,0.3,0.5,1.4,4.5
370,Damion Lee,SG,27,GSW,49,36,29.0,4.3,10.4,.417,1.7,4.9,.356,2.6,5.6,.471,.500,2.2,2.6,.873,0.7,4.2,4.9,2.7,1.0,0.1,1.4,2.4,12.7
371,Alex Len,C,26,TOT,49,9,18.3,3.4,6.2,.556,0.3,1.1,.250,3.1,5.0,.626,.579,1.2,1.9,.637,1.9,4.1,6.0,1.0,0.4,0.9,1.0,2.3,8.3
372,Alex Len,C,26,ATL,40,9,18.6,3.6,6.5,.546,0.4,1.4,.250,3.2,5.1,.627,.573,1.3,2.0,.630,1.7,4.0,5.8,1.1,0.5,0.8,1.0,2.3,8.7
373,Alex Len,C,26,SAC,9,0,16.7,2.9,4.7,.619,0.0,0.0,,2.9,4.7,.619,.619,0.8,1.1,.700,2.9,4.2,7.1,0.6,0.2,1.4,1.2,2.3,6.6
374,Kawhi Leonard,SF,28,LAC,51,51,32.2,9.3,19.9,.469,2.1,5.7,.366,7.2,14.2,.510,.521,6.1,6.9,.889,1.0,6.3,7.3,5.0,1.8,0.6,2.7,1.9,26.9
375,Meyers Leonard,C,27,MIA,49,49,20.1,2.4,4.6,.520,1.0,2.4,.429,1.3,2.1,.625,.635,0.3,0.5,.654,0.6,4.5,5.1,1.1,0.3,0.3,0.7,2.1,6.1
376,Caris LeVert,SG,25,BRK,39,25,29.0,6.5,15.6,.414,1.8,4.8,.381,4.6,10.8,.429,.473,3.0,4.1,.720,1.0,3.1,4.1,4.1,1.1,0.2,2.5,1.8,17.7
377,Damian Lillard,PG,29,POR,58,58,36.9,9.2,20.0,.457,3.9,9.9,.394,5.3,10.2,.518,.554,6.7,7.6,.888,0.5,3.8,4.3,7.8,1.0,0.4,2.9,1.7,28.9
378,Nassir Little,PF,19,POR,48,5,11.9,1.4,3.1,.430,0.3,1.2,.237,1.1,1.9,.554,.477,0.6,0.9,.636,0.6,1.6,2.3,0.5,0.3,0.3,0.3,1.5,3.6
379,Kevon Looney,C,23,GSW,20,4,13.1,1.5,4.0,.367,0.1,0.7,.071,1.4,3.3,.431,.373,0.5,0.6,.750,1.4,1.9,3.3,1.0,0.6,0.3,0.6,1.7,3.4
380,Brook Lopez,C,31,MIL,61,60,26.6,4.0,9.4,.427,1.4,4.7,.296,2.6,4.7,.557,.501,1.6,2.0,.810,0.7,3.8,4.5,1.6,0.7,2.4,1.0,2.4,11.0
381,Robin Lopez,C,31,MIL,60,4,14.4,2.3,4.6,.502,0.6,1.6,.344,1.7,3.0,.588,.562,0.4,0.7,.535,0.9,1.6,2.4,0.7,0.2,0.7,0.9,1.3,5.5
382,Kevin Love,PF,31,CLE,56,56,31.8,5.8,13.0,.450,2.6,7.0,.374,3.2,6.0,.537,.550,3.3,3.9,.854,1.0,8.8,9.8,3.2,0.6,0.3,2.5,1.6,17.6
383,Kyle Lowry,PG,33,TOR,52,52,36.6,5.9,14.3,.417,2.9,8.3,.354,3.0,5.9,.505,.520,4.9,5.7,.861,0.6,4.3,4.8,7.7,1.3,0.4,3.0,3.2,19.7
384,Timothé Luwawu-Cabarrot,SG,24,BRK,39,0,17.2,2.0,4.9,.406,1.0,2.8,.358,1.0,2.1,.470,.508,1.3,1.6,.839,0.6,1.7,2.3,0.6,0.4,0.2,0.8,2.1,6.3
385,Trey Lyles,PF,24,SAS,63,53,20.2,2.4,5.4,.446,1.0,2.7,.387,1.4,2.8,.503,.541,0.5,0.7,.733,1.1,4.6,5.7,1.1,0.4,0.4,0.6,1.6,6.4
386,Daryl Macon,SG,24,MIA,4,0,3.5,0.3,0.8,.333,0.3,0.5,.500,0.0,0.3,.000,.500,0.0,0.0,,0.0,0.0,0.0,0.3,0.0,0.0,0.5,0.3,0.8
387,,,,,,,,,,,,,,,,,,,,,,,,,,,,,
388,J.P. Macura,SG,24,CLE,1,0,1.0,0.0,0.0,,0.0,0.0,,0.0,0.0,,,0.0,0.0,,0.0,0.0,0.0,0.0,0.0,0.0,0.0,0.0,0.0
389,Josh Magette,PG,30,ORL,8,0,4.8,0.6,1.9,.333,0.1,0.5,.250,0.5,1.4,.364,.367,0.1,0.3,.500,0.1,0.6,0.8,0.6,0.4,0.1,0.6,0.5,1.5
390,Ian Mahinmi,C,33,WAS,38,35,21.3,2.7,5.5,.495,0.1,0.7,.192,2.6,4.8,.538,.507,1.8,3.0,.619,2.1,3.7,5.7,1.3,0.8,1.2,1.2,3.0,7.4
391,Thon Maker,C,22,DET,60,14,12.9,1.6,3.2,.482,0.4,1.1,.344,1.2,2.2,.550,.539,1.2,1.8,.664,0.9,1.9,2.8,0.7,0.4,0.7,0.8,1.7,4.7
392,Terance Mann,SG,23,LAC,35,6,7.7,0.6,1.5,.407,0.1,0.3,.250,0.5,1.2,.452,.435,0.3,0.3,.750,0.1,0.8,0.9,1.1,0.2,0.1,0.4,1.0,1.6
393,Boban Marjanović,C,31,DAL,37,2,9.1,2.6,4.7,.555,0.1,0.4,.267,2.5,4.3,.582,.566,1.0,1.3,.766,1.4,2.7,4.1,0.4,0.2,0.2,0.7,1.3,6.3
394,Lauri Markkanen,PF,22,CHI,50,50,29.8,5.0,11.8,.425,2.2,6.3,.344,2.8,5.5,.518,.517,2.5,3.1,.824,1.2,5.1,6.3,1.5,0.8,0.5,1.6,1.9,14.7
395,Caleb Martin,SF,24,CHO,18,1,17.6,2.1,4.7,.440,1.1,2.1,.541,0.9,2.6,.362,.560,0.9,1.2,.810,0.6,1.6,2.1,1.3,0.7,0.4,0.8,1.8,6.2
396,Cody Martin,SF,24,CHO,48,3,18.8,1.9,4.3,.430,0.4,1.6,.234,1.5,2.7,.546,.473,0.9,1.4,.646,0.8,2.5,3.3,2.0,0.8,0.2,0.9,1.6,5.0
397,Jeremiah Martin,PG,23,BRK,3,0,5.3,0.3,1.7,.200,0.0,0.3,.000,0.3,1.3,.250,.200,0.0,0.0,,0.0,0.7,0.7,0.7,0.3,0.3,0.0,0.0,0.7
398,Kelan Martin,SF,24,MIN,31,4,16.0,2.3,5.8,.392,0.8,3.1,.260,1.5,2.7,.541,.461,1.0,1.0,.968,0.4,2.7,3.1,0.7,0.2,0.3,0.6,1.6,6.4
399,Frank Mason III,PG,25,MIL,6,0,8.8,0.8,3.2,.263,0.3,1.7,.200,0.5,1.5,.333,.316,0.3,0.7,.500,0.5,0.8,1.3,1.8,0.3,0.0,1.0,0.7,2.3
400,Garrison Mathews,SG,23,WAS,18,0,12.6,1.3,3.1,.429,1.1,2.6,.413,0.3,0.6,.500,.598,1.7,1.9,.912,0.3,1.0,1.3,0.6,0.4,0.1,0.4,1.8,5.4
401,Wesley Matthews,SG,33,MIL,62,62,24.7,2.6,6.5,.397,1.6,4.5,.365,0.9,2.0,.468,.522,0.8,1.0,.762,0.3,2.2,2.6,1.5,0.6,0.1,0.7,1.5,7.5
402,Patrick McCaw,SF,24,TOR,37,12,24.5,1.8,4.4,.414,0.6,1.9,.324,1.2,2.5,.484,.485,0.4,0.5,.722,0.5,1.8,2.3,2.1,1.1,0.1,0.8,1.6,4.6
403,CJ McCollum,SG,28,POR,62,62,36.0,8.9,19.5,.453,2.8,7.4,.380,6.0,12.2,.497,.525,2.0,2.6,.750,0.7,3.4,4.1,4.3,0.7,0.6,1.9,2.6,22.5
404,T.J. McConnell,PG,27,IND,63,3,18.9,3.0,5.7,.517,0.1,0.2,.333,2.9,5.5,.524,.523,0.5,0.6,.833,0.5,2.1,2.6,5.0,0.7,0.2,1.4,1.1,6.5
405,Jalen McDaniels,PF,22,CHO,16,0,18.3,2.1,4.4,.471,0.6,1.5,.375,1.5,2.9,.522,.536,0.9,1.1,.824,0.9,3.1,4.1,0.8,0.5,0.2,0.7,2.3,5.6
406,Doug McDermott,PF,28,IND,62,0,20.0,3.9,7.9,.491,1.9,4.3,.445,2.0,3.6,.544,.611,0.7,0.8,.827,0.4,2.1,2.5,1.1,0.1,0.1,0.6,1.7,10.4
407,JaVale McGee,C,32,LAL,61,61,16.8,3.0,4.6,.640,0.0,0.1,.500,2.9,4.5,.643,.645,0.8,1.2,.653,1.8,4.0,5.8,0.6,0.5,1.5,0.8,2.4,6.8
408,,,,,,,,,,,,,,,,,,,,,,,,,,,,,
409,Rodney McGruder,SG,28,LAC,50,3,15.0,1.2,3.1,.391,0.4,1.6,.278,0.8,1.5,.506,.462,0.3,0.6,.536,0.5,2.0,2.6,0.6,0.5,0.2,0.4,1.3,3.2
410,Alfonzo McKinnie,SF,27,CLE,40,1,14.8,1.8,4.3,.427,0.4,1.6,.215,1.5,2.7,.557,.468,0.6,0.8,.710,0.9,1.9,2.8,0.4,0.6,0.2,0.7,1.8,4.6
411,Jordan McLaughlin,PG,23,MIN,30,2,19.7,2.9,5.9,.489,1.0,2.5,.382,1.9,3.4,.569,.570,0.9,1.3,.667,0.2,1.4,1.6,4.2,1.1,0.1,1.0,1.0,7.6
412,Ben McLemore,SG,26,HOU,63,19,22.8,3.3,7.5,.445,2.4,6.2,.395,0.9,1.3,.688,.609,0.7,1.0,.758,0.3,1.9,2.2,0.9,0.6,0.2,0.7,2.1,9.8
413,Jordan McRae,SG,28,TOT,37,4,21.2,4.0,9.9,.407,1.2,3.4,.357,2.8,6.5,.433,.469,2.2,2.9,.761,0.5,2.9,3.4,2.5,0.6,0.4,1.2,2.0,11.5
414,Jordan McRae,SG,28,WAS,29,4,22.6,4.6,10.9,.420,1.4,3.7,.377,3.2,7.3,.441,.483,2.2,2.9,.771,0.6,3.0,3.6,2.8,0.7,0.5,1.3,2.1,12.8
415,Jordan McRae,SG,28,DEN,4,0,8.0,0.5,1.5,.333,0.5,1.0,.500,0.0,0.5,.000,.500,0.8,1.0,.750,0.3,1.0,1.3,1.0,0.5,0.3,0.0,0.5,2.3
416,Jordan McRae,SG,28,DET,4,0,24.5,3.5,10.8,.326,0.8,4.0,.188,2.8,6.8,.407,.360,4.0,5.5,.727,0.0,3.8,3.8,1.8,0.0,0.0,1.3,2.5,11.8
417,Nicolò Melli,C,29,NOP,52,6,17.1,2.4,5.3,.442,1.3,3.5,.361,1.1,1.9,.592,.559,0.8,1.2,.733,0.7,2.3,3.0,1.3,0.6,0.4,0.8,2.0,6.8
418,De'Anthony Melton,PG,21,MEM,52,8,19.4,2.8,6.8,.419,0.7,2.3,.316,2.1,4.5,.470,.472,1.7,2.0,.821,0.7,3.0,3.7,3.0,1.3,0.3,1.5,1.8,8.1
419,Chimezie Metu,PF,22,SAS,16,0,4.6,1.3,2.2,.571,0.0,0.1,.000,1.3,2.1,.588,.571,0.4,0.5,.750,0.6,1.0,1.6,0.4,0.1,0.3,0.3,0.3,2.9
420,Khris Middleton,SF,28,MIL,55,52,30.1,7.7,15.5,.499,2.4,5.8,.418,5.3,9.7,.547,.577,3.2,3.6,.908,0.7,5.5,6.2,4.1,0.9,0.1,2.1,2.2,21.1
421,Eric Mika,PF,25,SAC,1,0,19.0,2.0,3.0,.667,0.0,0.0,,2.0,3.0,.667,.667,2.0,2.0,1.000,2.0,5.0,7.0,0.0,0.0,0.0,0.0,5.0,6.0
422,C.J. Miles,SG,32,WAS,10,0,16.1,1.9,5.9,.322,1.1,3.5,.314,0.8,2.4,.333,.415,1.5,2.0,.750,0.4,0.8,1.2,1.2,1.0,0.4,0.4,1.4,6.4
423,Malcolm Miller,SF,26,TOR,25,1,5.0,0.3,1.0,.333,0.2,0.8,.316,0.1,0.2,.400,.458,0.0,0.2,.167,0.0,0.5,0.6,0.3,0.2,0.1,0.1,0.5,0.9
424,Patty Mills,PG,31,SAS,63,1,22.7,3.9,9.1,.429,2.3,6.2,.380,1.6,3.0,.529,.557,1.5,1.7,.861,0.3,1.3,1.6,1.8,0.8,0.1,0.8,1.6,11.7
425,Paul Millsap,PF,34,DEN,44,41,24.4,4.3,8.8,.486,1.1,2.5,.440,3.2,6.3,.504,.548,2.4,2.9,.833,2.0,3.9,5.9,1.6,0.9,0.6,1.4,2.9,12.0
426,Shake Milton,SG,23,PHI,32,16,19.1,3.4,6.8,.498,1.5,3.3,.453,1.9,3.5,.541,.608,1.2,1.6,.765,0.3,1.8,2.1,2.2,0.6,0.2,1.2,2.2,9.5
427,Donovan Mitchell,SG,23,UTA,63,63,34.4,8.9,19.6,.453,2.5,6.8,.364,6.4,12.8,.501,.517,4.0,4.6,.859,0.7,3.7,4.4,4.2,1.0,0.2,2.7,2.4,24.2
428,Naz Mitrou-Long,SG,26,IND,3,0,14.3,2.0,5.3,.375,0.7,3.7,.182,1.3,1.7,.800,.438,0.0,0.0,,0.0,2.0,2.0,2.3,0.3,0.3,0.7,0.3,4.7
429,Adam Mokoka,SG,21,CHI,11,0,10.2,1.1,2.5,.429,0.5,1.4,.400,0.5,1.2,.462,.536,0.2,0.4,.500,0.6,0.3,0.9,0.4,0.4,0.0,0.2,1.5,2.9
430,Malik Monk,SG,21,CHO,55,1,21.3,3.9,8.9,.434,1.1,3.7,.284,2.8,5.2,.542,.494,1.5,1.8,.820,0.5,2.4,2.9,2.1,0.5,0.3,1.4,1.3,10.3
431,Matt Mooney,SG,22,CLE,4,0,4.8,0.3,1.0,.250,0.0,0.5,.000,0.3,0.5,.500,.250,0.0,0.0,,0.0,0.8,0.8,0.3,0.5,0.3,0.0,0.3,0.5
432,,,,,,,,,,,,,,,,,,,,,,,,,,,,,
433,E'Twaun Moore,SG,30,NOP,51,5,18.8,3.4,8.0,.424,1.2,3.1,.375,2.2,4.9,.456,.498,0.6,0.8,.674,0.6,1.8,2.4,1.4,0.5,0.2,0.7,1.5,8.6
434,Ja Morant,PG,20,MEM,59,59,30.0,6.7,13.6,.491,0.9,2.4,.367,5.8,11.2,.517,.523,3.5,4.5,.770,0.7,2.8,3.5,6.9,0.9,0.3,3.2,1.5,17.6
435,Juwan Morgan,PF,22,UTA,16,0,4.6,0.6,1.1,.529,0.1,0.3,.200,0.5,0.8,.667,.559,0.0,0.0,,0.3,0.9,1.2,0.1,0.0,0.1,0.2,0.4,1.2
436,Marcus Morris,SF-PF,30,TOT,55,55,31.4,5.9,13.6,.433,2.4,5.9,.410,3.5,7.7,.451,.522,3.1,3.8,.823,1.0,4.1,5.1,1.4,0.8,0.5,1.6,2.9,17.4
437,Marcus Morris,SF,30,NYK,43,43,32.3,6.5,14.8,.442,2.7,6.1,.439,3.8,8.7,.444,.533,3.8,4.6,.823,1.1,4.3,5.4,1.4,0.8,0.4,1.7,3.0,19.6
438,Marcus Morris,PF,30,LAC,12,12,28.3,3.7,9.5,.386,1.4,5.0,.283,2.3,4.5,.500,.461,0.8,0.9,.818,0.6,3.4,4.0,1.5,0.7,0.8,1.3,2.8,9.5
439,Markieff Morris,PF,30,TOT,52,16,21.3,3.6,8.2,.445,1.6,4.0,.386,2.1,4.1,.502,.540,1.3,1.6,.783,0.7,3.2,3.8,1.4,0.5,0.3,1.4,2.3,10.1
440,Markieff Morris,PF,30,DET,44,16,22.5,4.0,8.8,.450,1.7,4.3,.397,2.3,4.5,.500,.546,1.4,1.8,.772,0.5,3.4,3.9,1.6,0.6,0.3,1.6,2.4,11.0
441,Markieff Morris,PF,30,LAL,8,0,14.8,1.8,4.5,.389,0.8,2.6,.286,1.0,1.9,.533,.472,0.5,0.5,1.000,1.3,2.0,3.3,0.6,0.3,0.5,0.6,2.0,4.8
442,Monte Morris,PG,24,DEN,65,8,21.6,3.4,7.4,.459,0.8,2.2,.375,2.6,5.2,.494,.514,0.8,1.0,.823,0.3,1.4,1.7,3.5,0.8,0.2,0.7,1.0,8.4
443,Johnathan Motley,PF,24,LAC,13,0,3.2,0.8,1.2,.733,0.1,0.1,1.000,0.8,1.1,.714,.767,0.4,0.5,.714,0.2,0.5,0.8,0.6,0.2,0.0,0.4,0.5,2.2
444,Emmanuel Mudiay,PG,23,UTA,48,1,15.7,2.8,6.0,.471,0.6,1.6,.355,2.3,4.4,.512,.517,1.1,1.4,.754,0.4,2.0,2.4,2.2,0.4,0.2,1.4,1.3,7.3
445,Mychal Mulder,SG,25,GSW,7,3,29.1,3.7,9.6,.388,2.3,7.4,.308,1.4,2.1,.667,.507,1.3,1.7,.750,0.4,2.9,3.3,1.1,0.3,0.1,0.7,2.9,11.0
446,Dejounte Murray,PG,23,SAS,58,50,24.9,4.4,9.3,.475,0.6,1.6,.378,3.8,7.7,.494,.507,1.3,1.6,.798,1.2,4.6,5.8,4.1,1.7,0.3,1.9,2.2,10.7
447,Jamal Murray,PG,22,DEN,55,55,32.8,7.0,15.4,.455,1.9,5.5,.345,5.1,9.9,.517,.517,2.9,3.2,.893,0.8,3.2,3.9,4.8,1.2,0.3,2.3,1.8,18.8
448,Džanan Musa,SF,20,BRK,35,0,11.5,1.4,4.0,.360,0.4,1.9,.231,1.0,2.1,.473,.414,0.9,1.3,.750,0.5,1.5,2.0,0.9,0.4,0.0,0.8,0.7,4.2
449,Mike Muscala,C,28,OKC,41,0,12.0,1.6,3.9,.403,1.0,2.9,.358,0.5,1.0,.538,.538,0.4,0.5,.818,0.3,2.0,2.3,0.8,0.2,0.3,0.3,1.2,4.6
450,Sviatoslav Mykhailiuk,SF,22,DET,56,27,22.6,3.0,7.2,.410,2.1,5.1,.404,0.9,2.1,.425,.552,1.0,1.3,.814,0.3,1.6,1.9,1.9,0.7,0.1,1.1,1.6,9.0
451,Abdel Nader,SF,26,OKC,48,5,15.8,2.1,4.6,.455,0.8,2.2,.371,1.3,2.4,.530,.543,1.0,1.3,.774,0.3,1.6,1.9,0.7,0.4,0.4,0.8,1.4,6.0
452,Larry Nance Jr.,C,27,CLE,56,10,26.3,4.1,7.7,.531,1.0,2.8,.352,3.1,4.9,.636,.596,0.9,1.3,.676,1.9,5.4,7.3,2.2,1.0,0.4,1.1,1.6,10.1
453,Shabazz Napier,PG,28,TOT,51,30,24.2,3.3,8.1,.412,1.4,4.4,.320,1.9,3.7,.518,.498,2.3,2.8,.823,0.5,2.4,2.9,5.0,1.3,0.2,2.2,1.8,10.3
454,Shabazz Napier,PG,28,MIN,36,22,23.8,3.2,7.9,.403,1.3,4.4,.296,1.9,3.4,.540,.486,2.0,2.4,.818,0.5,2.6,3.1,5.2,1.1,0.2,2.1,1.7,9.6
455,Shabazz Napier,PG,28,WAS,15,8,25.2,3.7,8.7,.431,1.6,4.2,.381,2.1,4.5,.478,.523,2.9,3.5,.830,0.5,1.9,2.4,4.4,1.7,0.1,2.3,2.1,12.0
456,Raul Neto,PG,27,PHI,49,3,11.5,1.6,3.6,.451,0.6,1.4,.394,1.0,2.1,.490,.531,0.5,0.6,.839,0.2,0.8,1.1,1.6,0.4,0.1,0.9,0.9,4.3
457,Malik Newman,SG,22,CLE,1,0,4.0,0.0,2.0,.000,0.0,1.0,.000,0.0,1.0,.000,.000,2.0,2.0,1.000,0.0,0.0,0.0,0.0,0.0,0.0,1.0,0.0,2.0
458,Georges Niang,PF,26,UTA,58,0,13.3,2.1,4.6,.453,1.3,3.2,.416,0.7,1.4,.538,.598,0.3,0.4,.864,0.2,1.7,1.9,0.6,0.2,0.1,0.4,1.1,5.8
459,,,,,,,,,,,,,,,,,,,,,,,,,,,,,
460,Nerlens Noel,C,25,OKC,55,6,18.4,3.2,4.6,.685,0.0,0.1,.333,3.1,4.6,.689,.687,1.4,1.8,.765,1.5,3.4,4.9,1.0,1.0,1.5,1.0,2.6,7.7
461,Zach Norvell,SG,22,TOT,5,0,8.2,0.6,2.4,.250,0.6,1.6,.375,0.0,0.8,.000,.375,0.2,0.2,1.000,0.0,1.2,1.2,0.6,0.4,0.0,0.6,0.8,2.0
462,Zach Norvell,SG,22,LAL,2,0,2.5,0.0,0.5,.000,0.0,0.0,,0.0,0.5,.000,.000,0.0,0.0,,0.0,0.5,0.5,0.0,0.0,0.0,0.0,0.0,0.0
463,Zach Norvell,SG,22,GSW,3,0,12.0,1.0,3.7,.273,1.0,2.7,.375,0.0,1.0,.000,.409,0.3,0.3,1.000,0.0,1.7,1.7,1.0,0.7,0.0,1.0,1.3,3.3
464,Jaylen Nowell,SG,20,MIN,15,0,10.1,1.3,3.5,.358,0.2,1.7,.115,1.1,1.8,.593,.387,1.1,1.1,.941,0.2,0.7,0.9,1.3,0.2,0.1,0.2,0.7,3.8
465,Frank Ntilikina,PG,21,NYK,57,26,20.8,2.3,5.8,.393,0.8,2.4,.321,1.5,3.4,.444,.459,0.9,1.0,.864,0.4,1.7,2.1,3.0,0.9,0.3,1.2,2.5,6.3
466,Kendrick Nunn,SG,24,MIA,62,62,29.8,6.1,13.7,.448,2.1,5.8,.362,4.0,7.9,.512,.525,1.2,1.5,.837,0.3,2.4,2.7,3.4,0.8,0.2,1.6,2.3,15.6
467,David Nwaba,SF,27,BRK,20,0,13.4,1.9,3.6,.521,0.6,1.4,.429,1.3,2.2,.581,.606,0.9,1.4,.667,0.4,1.9,2.3,0.4,0.6,0.6,0.4,1.6,5.2
468,Royce O'Neale,PF,26,UTA,64,55,29.1,2.2,5.0,.439,1.3,3.3,.389,0.9,1.7,.536,.567,0.6,0.8,.735,0.3,5.0,5.3,2.5,0.7,0.4,0.8,2.8,6.3
469,Kyle O'Quinn,C,29,PHI,26,1,9.9,1.3,2.8,.486,0.3,0.9,.304,1.1,1.9,.571,.535,0.4,0.7,.526,1.2,2.5,3.8,1.3,0.2,0.8,0.7,1.3,3.3
470,Semi Ojeleye,PF,25,BOS,61,5,14.6,1.1,2.6,.409,0.6,1.6,.367,0.5,1.0,.475,.522,0.4,0.5,.893,0.4,1.6,2.0,0.5,0.3,0.1,0.2,1.0,3.1
471,Jahlil Okafor,C,24,NOP,28,9,15.1,3.1,5.1,.611,0.0,0.1,.500,3.1,5.1,.613,.615,1.3,2.1,.638,1.6,2.6,4.3,1.3,0.3,0.7,1.3,2.3,7.6
472,Elie Okobo,PG,22,PHO,54,3,13.1,1.3,3.4,.398,0.5,1.3,.352,0.9,2.0,.427,.467,0.9,1.2,.687,0.3,1.3,1.6,2.1,0.4,0.1,0.7,1.0,4.0
473,Josh Okogie,SG,21,MIN,62,28,25.0,2.7,6.4,.427,0.7,2.5,.266,2.1,3.9,.529,.479,2.5,3.1,.796,1.4,2.9,4.3,1.6,1.1,0.4,1.4,2.2,8.6
474,KZ Okpala,SF,20,MIA,5,0,5.2,0.6,1.0,.600,0.0,0.2,.000,0.6,0.8,.750,.600,0.2,0.4,.500,0.2,0.8,1.0,0.2,0.4,0.2,0.2,0.4,1.4
475,Victor Oladipo,SG,27,IND,13,10,25.9,4.8,12.4,.391,1.6,5.3,.304,3.2,7.1,.457,.457,2.5,3.2,.780,0.5,2.6,3.2,3.0,0.8,0.2,2.2,1.6,13.8
476,Kelly Olynyk,C,28,MIA,59,6,18.5,2.6,5.4,.476,1.4,3.1,.432,1.2,2.2,.538,.603,1.2,1.4,.854,0.6,3.8,4.4,1.6,0.6,0.3,1.1,2.4,7.7
477,Miye Oni,SG,22,UTA,5,0,2.2,0.0,0.4,.000,0.0,0.2,.000,0.0,0.2,.000,.000,0.0,0.0,,0.0,0.4,0.4,0.0,0.0,0.0,0.2,0.0,0.0
478,Cedi Osman,SF,24,CLE,65,65,29.4,4.1,9.4,.437,1.9,4.9,.383,2.2,4.4,.497,.538,1.0,1.4,.670,0.6,3.0,3.6,2.4,0.8,0.2,1.4,2.5,11.0
479,Kelly Oubre Jr.,SF,24,PHO,56,55,34.5,6.7,14.8,.452,1.9,5.5,.352,4.7,9.3,.511,.517,3.4,4.4,.780,1.2,5.3,6.4,1.5,1.3,0.7,1.5,3.4,18.7
480,Tariq Owens,PF,24,PHO,3,0,5.0,0.3,1.7,.200,0.0,0.7,.000,0.3,1.0,.333,.200,0.7,0.7,1.000,0.7,0.3,1.0,0.0,0.3,0.0,0.0,0.3,1.3
481,Jeremy Pargo,PG,33,GSW,3,0,14.7,3.7,7.3,.500,1.0,2.3,.429,2.7,5.0,.533,.568,0.0,0.3,.000,0.3,0.7,1.0,2.7,0.3,0.0,1.3,2.7,8.3
482,,,,,,,,,,,,,,,,,,,,,,,,,,,,,
483,Jabari Parker,PF,24,TOT,33,23,25.8,6.0,12.1,.499,0.9,3.5,.267,5.1,8.6,.594,.538,1.7,2.2,.743,1.6,4.3,5.9,1.8,1.3,0.5,1.8,2.8,14.7
484,Jabari Parker,PF,24,ATL,32,23,26.2,6.2,12.3,.504,1.0,3.6,.270,5.2,8.7,.601,.543,1.7,2.3,.736,1.7,4.3,6.0,1.8,1.3,0.5,1.9,2.9,15.0
485,Jabari Parker,PF,24,SAC,1,0,15.0,1.0,6.0,.167,0.0,1.0,.000,1.0,5.0,.200,.167,2.0,2.0,1.000,0.0,4.0,4.0,2.0,0.0,0.0,0.0,1.0,4.0
486,Chandler Parsons,SF,31,ATL,5,0,10.8,1.0,3.6,.278,0.8,2.8,.286,0.2,0.8,.250,.389,0.0,0.0,,0.2,1.2,1.4,0.6,0.8,0.2,0.6,0.6,2.8
487,Eric Paschall,PF,23,GSW,60,26,27.6,5.3,10.7,.497,0.6,2.2,.287,4.7,8.5,.550,.526,2.7,3.5,.774,1.4,3.2,4.6,2.1,0.5,0.2,1.6,2.1,14.0
488,Anžejs Pasečņiks,C,24,WAS,24,0,16.9,2.3,4.4,.528,0.0,0.1,.000,2.3,4.3,.538,.528,1.3,2.3,.593,1.6,2.5,4.1,0.7,0.3,0.5,0.9,2.7,6.0
489,Patrick Patterson,PF,30,LAC,51,18,11.9,1.5,3.7,.404,1.1,2.8,.387,0.4,0.9,.457,.551,0.5,0.7,.794,0.6,1.8,2.4,0.6,0.1,0.1,0.4,0.8,4.6
490,Justin Patton,C,22,OKC,5,0,4.8,0.8,2.0,.400,0.2,0.8,.250,0.6,1.2,.500,.450,0.0,0.0,,0.2,0.8,1.0,0.4,0.0,0.0,0.4,0.8,1.8
491,Chris Paul,PG,34,OKC,63,63,31.8,6.3,12.8,.489,1.6,4.4,.362,4.7,8.3,.557,.552,3.6,4.0,.900,0.3,4.6,4.9,6.8,1.6,0.1,2.2,2.2,17.7
492,Elfrid Payton,PG,25,NYK,45,36,27.7,4.3,9.8,.439,0.3,1.5,.203,4.0,8.2,.482,.455,1.1,1.9,.570,1.2,3.6,4.7,7.2,1.6,0.4,2.1,2.0,10.0
493,Gary Payton II,PG,27,WAS,29,17,14.9,1.7,4.0,.414,0.4,1.6,.283,1.2,2.4,.500,.470,0.1,0.3,.500,0.9,1.9,2.8,1.7,1.1,0.2,0.7,1.9,3.9
494,Norvel Pelle,C,26,PHI,20,0,8.9,0.9,1.8,.514,0.0,0.0,,0.9,1.8,.514,.514,0.3,0.6,.500,0.8,2.2,3.0,0.4,0.1,1.3,0.7,2.0,2.1
495,Theo Pinson,SG,24,BRK,33,0,11.1,1.4,4.7,.290,0.5,2.4,.188,0.9,2.3,.400,.339,0.5,0.5,.938,0.3,1.3,1.6,1.7,0.5,0.1,1.0,1.1,3.6
496,Mason Plumlee,C,29,DEN,53,1,17.0,2.9,4.7,.617,0.0,0.1,.000,2.9,4.6,.627,.617,1.4,2.6,.536,1.7,3.6,5.3,2.4,0.5,0.6,1.4,2.4,7.2
497,Vincent Poirier,C,26,BOS,21,0,5.4,0.8,1.6,.485,0.0,0.1,.500,0.7,1.5,.484,.500,0.3,0.3,.857,0.5,1.1,1.6,0.3,0.1,0.3,0.3,1.1,1.9
498,Jakob Pöltl,C,24,SAS,58,10,16.6,2.3,3.8,.619,0.0,0.0,,2.3,3.8,.619,.619,0.6,1.3,.486,1.8,3.6,5.3,1.8,0.5,1.4,0.8,1.7,5.3
499,Shamorie Ponds,PG,21,TOR,4,0,2.8,0.8,1.3,.600,0.3,0.5,.500,0.5,0.8,.667,.700,0.5,0.5,1.000,0.0,0.3,0.3,0.5,0.0,0.3,0.0,0.5,2.3
500,Jordan Poole,SG,20,GSW,57,14,22.4,2.9,8.8,.333,1.3,4.6,.279,1.6,4.2,.392,.406,1.7,2.1,.798,0.2,1.9,2.1,2.4,0.6,0.2,1.3,1.6,8.8
501,Kevin Porter Jr.,SF,19,CLE,50,3,23.2,3.7,8.4,.442,1.1,3.2,.335,2.7,5.3,.506,.505,1.5,2.0,.723,0.4,2.8,3.2,2.2,0.9,0.3,1.9,2.7,10.0
502,Michael Porter Jr.,PF,21,DEN,48,1,14.0,2.9,5.9,.495,0.9,2.1,.422,2.0,3.8,.536,.570,0.7,0.9,.767,1.1,3.0,4.1,0.7,0.4,0.4,0.7,1.6,7.5
503,Otto Porter,SF,26,CHI,14,9,23.6,4.4,10.0,.443,1.7,4.4,.387,2.7,5.6,.487,.529,1.4,1.9,.704,0.9,2.5,3.4,1.8,1.1,0.4,0.8,2.2,11.9
504,Bobby Portis,C,24,NYK,66,5,21.1,4.0,8.9,.450,1.0,2.8,.358,3.0,6.1,.493,.507,1.1,1.4,.763,1.2,3.9,5.1,1.5,0.5,0.3,1.1,1.7,10.1
505,,,,,,,,,,,,,,,,,,,,,,,,,,,,,
506,Kristaps Porziņģis,PF,24,DAL,51,51,31.3,6.6,15.8,.420,2.5,7.1,.349,4.2,8.8,.477,.498,3.5,4.5,.776,1.7,7.7,9.5,1.7,0.7,2.1,1.6,3.1,19.2
507,Dwight Powell,C,28,DAL,40,37,26.5,3.7,5.7,.638,0.3,1.0,.256,3.4,4.8,.716,.659,1.9,2.8,.667,1.9,3.8,5.7,1.5,0.9,0.6,0.9,2.6,9.4
508,Norman Powell,SG,26,TOR,44,23,28.8,5.9,11.7,.502,2.1,5.4,.398,3.8,6.4,.589,.593,2.5,3.0,.838,0.5,3.1,3.7,1.8,1.3,0.4,1.5,2.1,16.4
509,Chasson Randle,PG,26,GSW,3,0,13.3,0.0,1.3,.000,0.0,0.7,.000,0.0,0.7,.000,.000,1.7,2.0,.833,0.0,0.7,0.7,1.7,0.7,0.0,0.0,1.0,1.7
510,Julius Randle,PF,25,NYK,64,64,32.5,7.2,15.7,.460,1.0,3.6,.277,6.2,12.1,.515,.492,4.0,5.5,.733,2.4,7.4,9.7,3.1,0.8,0.3,3.0,2.8,19.5
511,Josh Reaves,SG,22,DAL,2,0,0.5,0.0,0.5,.000,0.0,0.0,,0.0,0.5,.000,.000,0.0,0.0,,0.0,0.0,0.0,0.0,0.0,0.0,0.0,0.0,0.0
512,Cam Reddish,SF,20,ATL,58,34,26.7,3.7,9.6,.384,1.4,4.3,.332,2.2,5.2,.428,.459,1.7,2.2,.802,0.6,3.1,3.7,1.5,1.1,0.5,1.7,2.3,10.5
513,J.J. Redick,SG,35,NOP,54,35,26.4,4.6,10.3,.450,2.9,6.4,.452,1.8,3.9,.446,.590,2.7,3.0,.902,0.2,2.4,2.6,2.0,0.4,0.2,1.2,1.6,14.9
514,Naz Reid,C,20,MIN,30,11,16.5,3.3,8.1,.412,1.1,3.2,.330,2.3,4.9,.466,.477,1.2,1.8,.698,1.1,3.0,4.1,1.2,0.6,0.7,0.7,2.8,9.0
515,Josh Richardson,SG,26,PHI,48,46,30.7,5.1,12.0,.429,1.5,4.5,.327,3.7,7.5,.489,.490,2.1,2.7,.789,0.8,2.6,3.4,3.1,0.9,0.7,1.9,2.5,13.8
516,Austin Rivers,SG,27,HOU,60,4,23.4,3.0,7.2,.421,1.4,3.9,.358,1.7,3.3,.495,.517,1.0,1.5,.667,0.4,2.0,2.4,1.6,0.7,0.2,0.6,1.9,8.5
517,Duncan Robinson,SF,25,MIA,65,60,30.0,4.4,9.4,.467,3.7,8.4,.448,0.7,1.1,.614,.665,0.7,0.8,.906,0.1,3.1,3.3,1.4,0.5,0.2,0.9,2.8,13.3
518,Glenn Robinson III,SF,26,TOT,60,52,29.1,4.7,9.6,.486,1.2,3.2,.387,3.5,6.5,.535,.550,1.2,1.4,.867,1.3,3.0,4.3,1.6,0.9,0.3,0.9,1.6,11.8
519,Glenn Robinson III,SF,26,GSW,48,48,31.6,5.1,10.6,.481,1.4,3.5,.400,3.7,7.0,.522,.548,1.3,1.5,.851,1.4,3.3,4.7,1.8,0.9,0.3,1.0,1.7,12.9
520,Glenn Robinson III,SF,26,PHI,12,4,18.9,3.1,5.9,.521,0.5,1.8,.286,2.6,4.2,.620,.563,0.8,0.8,1.000,1.0,1.8,2.8,0.9,0.7,0.2,0.3,1.3,7.4
521,Jerome Robinson,SG,22,TOT,55,4,13.6,1.4,3.9,.347,0.6,1.9,.298,0.8,2.0,.393,.419,0.4,0.5,.690,0.2,1.8,1.9,1.2,0.4,0.3,0.6,1.5,3.7
522,Jerome Robinson,SG,22,LAC,42,1,11.3,1.1,3.2,.338,0.5,1.6,.284,0.6,1.6,.391,.408,0.3,0.5,.579,0.1,1.3,1.4,1.1,0.3,0.2,0.6,1.3,2.9
523,Jerome Robinson,SG,22,WAS,13,3,20.9,2.2,6.2,.363,0.9,2.8,.324,1.3,3.3,.395,.438,0.7,0.8,.900,0.3,3.2,3.5,1.5,0.7,0.5,0.6,2.2,6.1
524,Justin Robinson,PG,22,WAS,9,0,5.4,0.6,1.3,.417,0.3,0.6,.600,0.2,0.8,.286,.542,0.0,0.0,,0.1,0.4,0.6,0.8,0.0,0.1,0.3,0.2,1.4
525,Mitchell Robinson,C,21,NYK,61,7,23.1,4.1,5.6,.742,0.0,0.0,,4.1,5.6,.742,.742,1.4,2.4,.568,3.0,4.0,7.0,0.6,0.9,2.0,0.6,3.2,9.7
526,Isaiah Roby,SF,21,OKC,3,0,3.7,0.0,0.3,.000,0.0,0.0,,0.0,0.3,.000,.000,0.0,0.0,,0.0,0.7,0.7,0.0,0.0,0.0,0.3,0.3,0.0
527,Rajon Rondo,PG,33,LAL,48,3,20.5,2.9,6.8,.418,0.9,2.6,.328,2.0,4.2,.473,.480,0.6,0.9,.659,0.5,2.5,3.0,5.0,0.8,0.0,1.9,1.2,7.1
528,Derrick Rose,PG,31,DET,50,15,26.0,7.4,15.1,.490,0.9,2.9,.306,6.5,12.1,.535,.520,2.4,2.8,.871,0.5,1.9,2.4,5.6,0.8,0.3,2.5,1.0,18.1
529,Terrence Ross,SG,28,ORL,63,0,27.3,5.0,12.3,.407,2.6,7.2,.357,2.4,5.1,.477,.511,2.2,2.6,.845,0.2,3.0,3.2,1.2,1.1,0.3,1.0,1.5,14.8
530,,,,,,,,,,,,,,,,,,,,,,,,,,,,,
531,Terry Rozier,PG,25,CHO,63,63,34.3,6.3,14.9,.423,2.7,6.7,.407,3.6,8.2,.436,.514,2.6,3.0,.874,0.8,3.6,4.4,4.1,1.0,0.2,2.2,2.0,18.0
532,Ricky Rubio,PG,29,PHO,57,57,31.6,4.4,10.7,.412,1.2,3.3,.351,3.3,7.4,.440,.466,3.1,3.6,.853,0.7,3.9,4.6,8.9,1.5,0.2,2.7,2.5,13.1
533,D'Angelo Russell,PG,23,TOT,45,45,32.3,8.0,18.8,.426,3.5,9.6,.367,4.5,9.2,.487,.519,3.6,4.4,.809,0.4,3.6,3.9,6.3,1.1,0.3,3.3,1.9,23.1
534,D'Angelo Russell,PG,23,GSW,33,33,32.1,8.3,19.2,.430,3.6,9.7,.374,4.6,9.5,.487,.524,3.4,4.4,.785,0.4,3.3,3.7,6.2,0.9,0.3,3.1,1.9,23.6
535,D'Angelo Russell,PG,23,MIN,12,12,32.7,7.3,17.6,.412,3.2,9.2,.345,4.1,8.4,.485,.502,4.0,4.6,.873,0.3,4.3,4.6,6.6,1.4,0.3,3.8,1.8,21.7
536,Domantas Sabonis,C,23,IND,62,62,34.8,7.4,13.7,.540,0.3,1.1,.254,7.1,12.6,.565,.550,3.5,4.8,.723,3.0,9.4,12.4,5.0,0.8,0.5,2.7,3.1,18.5
537,Luka Šamanić,PF,20,SAS,1,0,12.0,0.0,4.0,.000,0.0,2.0,.000,0.0,2.0,.000,.000,0.0,0.0,,0.0,2.0,2.0,3.0,0.0,0.0,0.0,0.0,0.0
538,JaKarr Sampson,SF,26,IND,26,10,13.1,1.8,3.1,.593,0.1,0.5,.154,1.8,2.6,.676,.605,0.4,0.8,.550,0.6,1.7,2.3,0.3,0.3,0.3,0.3,1.7,4.2
539,Dario Šarić,PF,25,PHO,58,50,24.8,3.7,8.1,.462,1.3,3.7,.341,2.5,4.4,.563,.539,1.4,1.6,.832,1.5,4.4,5.9,1.9,0.6,0.3,1.2,2.3,10.1
540,Tomáš Satoranský,PG,28,CHI,65,64,28.9,3.6,8.5,.430,1.0,3.1,.322,2.7,5.4,.491,.488,1.6,1.9,.876,1.2,2.7,3.9,5.4,1.2,0.1,2.0,2.1,9.9
541,Admiral Schofield,SF,22,WAS,27,2,10.9,1.1,2.8,.400,0.5,1.7,.298,0.6,1.0,.571,.493,0.3,0.5,.692,0.2,1.0,1.3,0.5,0.3,0.1,0.3,1.5,3.1
542,Dennis Schröder,PG,26,OKC,63,1,31.0,7.0,15.0,.468,1.9,5.1,.381,5.1,9.9,.512,.532,3.1,3.7,.839,0.3,3.4,3.7,4.1,0.7,0.2,2.5,2.2,19.0
543,Mike Scott,PF,31,PHI,63,10,17.8,2.1,5.1,.408,1.2,3.2,.358,0.9,1.8,.496,.522,0.4,0.5,.833,0.9,2.7,3.6,0.8,0.3,0.1,0.4,1.3,5.7
544,Thabo Sefolosha,PF,35,HOU,41,0,10.6,0.9,2.2,.407,0.4,1.3,.278,0.5,0.9,.595,.489,0.1,0.2,.375,0.5,1.8,2.3,0.6,0.6,0.3,0.4,1.0,2.2
545,Collin Sexton,SG,21,CLE,65,65,33.0,7.9,16.7,.472,1.5,3.9,.380,6.4,12.8,.501,.517,3.5,4.1,.846,0.9,2.2,3.1,3.0,1.0,0.1,2.4,2.2,20.8
546,Landry Shamet,SG,22,LAC,47,27,27.5,3.1,7.5,.416,2.2,5.7,.392,0.9,1.8,.494,.566,1.2,1.3,.905,0.1,1.8,1.9,1.9,0.4,0.2,0.8,2.8,9.7
547,Marial Shayok,SG,24,PHI,2,0,5.0,0.5,2.5,.200,0.5,1.5,.333,0.0,1.0,.000,.300,0.0,0.0,,0.0,1.5,1.5,0.5,0.0,0.0,0.5,0.0,1.5
548,Iman Shumpert,SG,29,BRK,13,0,18.5,1.6,4.9,.328,0.6,2.5,.242,1.0,2.4,.419,.391,0.3,0.5,.571,0.7,1.9,2.6,0.9,0.9,0.2,0.8,1.6,4.2
549,Pascal Siakam,PF,25,TOR,53,53,35.5,8.7,18.9,.459,2.2,6.0,.359,6.5,12.8,.506,.517,4.2,5.2,.800,1.1,6.5,7.5,3.6,1.0,0.9,2.5,2.8,23.6
550,Chris Silva,PF,23,MIA,41,0,7.5,1.0,1.7,.623,0.0,0.0,.000,1.0,1.6,.642,.623,0.8,1.2,.694,1.3,1.3,2.7,0.5,0.2,0.4,0.8,2.0,2.9
551,Ben Simmons,PG,23,PHI,54,54,35.7,6.7,11.4,.585,0.0,0.1,.333,6.6,11.3,.588,.587,3.3,5.3,.627,2.0,5.8,7.8,8.2,2.1,0.6,3.6,3.2,16.7
552,Anfernee Simons,SG,20,POR,65,4,21.5,3.2,8.1,.402,1.1,3.4,.338,2.1,4.7,.448,.472,1.2,1.4,.826,0.4,1.9,2.3,1.5,0.4,0.2,0.9,2.0,8.8
553,,,,,,,,,,,,,,,,,,,,,,,,,,,,,
554,Alen Smailagić,PF,19,GSW,14,0,9.9,1.4,2.9,.500,0.2,0.9,.231,1.2,1.9,.630,.538,1.1,1.4,.842,0.7,1.2,1.9,0.9,0.2,0.3,0.8,1.0,4.2
555,Marcus Smart,SG,25,BOS,53,39,32.5,4.5,11.9,.380,2.4,6.9,.348,2.1,5.0,.424,.481,2.0,2.4,.835,0.8,3.1,3.8,4.8,1.6,0.5,1.7,2.7,13.5
556,Dennis Smith Jr.,PG,22,NYK,34,3,15.8,2.1,6.2,.341,0.5,1.6,.296,1.6,4.6,.357,.379,0.8,1.6,.509,0.6,1.7,2.3,2.9,0.8,0.2,1.7,1.9,5.5
557,Ish Smith,PG,31,WAS,60,19,26.2,4.4,9.7,.451,0.9,2.5,.367,3.5,7.2,.480,.498,0.8,1.2,.686,0.5,2.7,3.2,4.8,0.9,0.4,1.3,1.4,10.5
558,Zhaire Smith,SG,20,PHI,7,0,4.6,0.4,1.6,.273,0.0,0.4,.000,0.4,1.1,.375,.273,0.3,0.6,.500,0.0,0.3,0.3,0.3,0.4,0.0,0.3,0.6,1.1
559,Tony Snell,SF,28,DET,59,57,27.8,2.9,6.5,.445,1.7,4.3,.402,1.2,2.2,.531,.579,0.5,0.5,1.000,0.2,1.7,1.9,2.2,0.5,0.3,0.5,1.7,8.0
560,Omari Spellman,PF,22,GSW,49,3,18.1,2.6,6.0,.431,0.9,2.2,.391,1.7,3.8,.454,.503,1.5,1.9,.793,1.6,2.9,4.5,1.0,0.7,0.5,1.1,1.3,7.6
561,Max Strus,SG,23,CHI,2,0,3.0,1.0,1.5,.667,0.0,0.5,.000,1.0,1.0,1.000,.667,0.5,0.5,1.000,0.5,0.0,0.5,0.0,0.0,0.0,0.0,0.5,2.5
562,Edmond Sumner,PG,24,IND,25,2,13.8,1.9,4.4,.423,0.4,1.5,.263,1.5,2.9,.507,.468,0.4,0.6,.667,0.4,1.1,1.5,1.6,0.6,0.3,0.8,1.4,4.6
563,Caleb Swanigan,PF,22,TOT,27,1,10.7,1.0,1.7,.596,0.0,0.1,.000,1.0,1.7,.622,.596,0.3,0.6,.529,1.0,2.7,3.7,1.1,0.1,0.3,1.4,2.3,2.4
564,Caleb Swanigan,PF,22,SAC,7,0,3.3,0.3,0.6,.500,0.0,0.0,,0.3,0.6,.500,.500,0.1,0.3,.500,0.3,0.7,1.0,0.3,0.1,0.3,0.9,1.1,0.7
565,Caleb Swanigan,PF,22,POR,20,1,13.3,1.3,2.2,.605,0.0,0.1,.000,1.3,2.1,.634,.605,0.4,0.8,.533,1.3,3.4,4.7,1.5,0.1,0.3,1.6,2.7,3.0
566,Jayson Tatum,PF,21,BOS,59,59,34.6,8.5,18.9,.448,2.8,7.1,.398,5.6,11.7,.479,.523,3.8,4.7,.806,1.0,6.1,7.1,2.9,1.4,0.9,2.2,2.1,23.6
567,Jeff Teague,PG,31,TOT,59,17,24.8,3.6,8.3,.436,0.7,2.0,.368,2.9,6.3,.457,.480,2.9,3.3,.873,0.5,1.9,2.4,5.2,0.7,0.3,2.0,1.8,10.9
568,Jeff Teague,PG,31,MIN,34,13,27.8,4.3,9.5,.448,1.0,2.6,.379,3.3,7.0,.473,.498,3.7,4.2,.868,0.4,2.1,2.6,6.1,0.7,0.4,2.2,2.1,13.2
569,Jeff Teague,PG,31,ATL,25,4,20.8,2.7,6.6,.412,0.4,1.2,.333,2.3,5.4,.430,.442,1.9,2.1,.887,0.5,1.7,2.2,4.0,0.8,0.2,1.6,1.4,7.7
570,Garrett Temple,SG,33,BRK,55,31,28.1,3.6,9.5,.378,2.0,6.3,.324,1.6,3.2,.483,.485,1.0,1.3,.767,0.5,2.9,3.5,2.6,0.8,0.5,1.0,1.7,10.3
571,Daniel Theis,C,27,BOS,58,57,23.8,3.7,6.6,.565,0.4,1.4,.321,3.3,5.2,.631,.599,1.4,1.8,.764,2.2,4.3,6.6,1.6,0.6,1.3,0.8,3.5,9.3
572,Isaiah Thomas,PG,30,WAS,40,37,23.1,4.4,10.7,.408,2.0,4.7,.413,2.4,5.9,.405,.500,1.6,1.9,.816,0.3,1.4,1.7,3.7,0.3,0.2,1.9,1.9,12.2
573,Khyri Thomas,SG,23,DET,8,0,7.6,0.6,2.1,.294,0.6,1.8,.357,0.0,0.4,.000,.441,0.3,0.5,.500,0.1,0.0,0.1,0.4,0.4,0.0,0.4,1.1,2.1
574,Matt Thomas,SG,25,TOR,33,0,9.7,1.6,3.4,.486,1.1,2.3,.467,0.6,1.1,.528,.644,0.2,0.3,.700,0.2,1.2,1.5,0.5,0.2,0.0,0.4,0.9,4.5
575,Tristan Thompson,C,28,CLE,57,51,30.2,5.1,9.9,.512,0.2,0.4,.391,4.9,9.5,.518,.520,1.7,2.8,.615,4.0,6.2,10.1,2.1,0.6,0.9,1.8,2.2,12.0
576,Matisse Thybulle,SG,22,PHI,57,13,19.5,1.7,4.1,.410,0.9,2.5,.352,0.8,1.6,.500,.517,0.4,0.7,.610,0.6,0.9,1.5,1.2,1.4,0.7,0.8,2.1,4.7
577,Anthony Tolliver,PF,34,TOT,47,9,15.6,1.1,3.3,.348,0.8,2.6,.322,0.3,0.7,.441,.474,0.4,0.5,.720,0.6,2.2,2.8,0.7,0.3,0.2,0.6,1.4,3.5
578,Anthony Tolliver,PF,34,POR,33,9,16.8,1.3,3.5,.368,0.9,2.7,.337,0.4,0.8,.464,.496,0.4,0.6,.684,0.8,2.5,3.3,0.9,0.2,0.3,0.6,1.6,3.9
579,Anthony Tolliver,PF,34,SAC,9,0,9.1,0.3,1.9,.176,0.2,1.7,.133,0.1,0.2,.500,.235,0.1,0.2,.500,0.2,1.0,1.2,0.3,0.4,0.1,0.4,0.7,1.0
580,Anthony Tolliver,PF,34,MEM,5,0,19.2,1.6,4.2,.381,1.4,3.4,.412,0.2,0.8,.250,.548,0.8,0.8,1.000,0.2,2.2,2.4,0.2,0.6,0.2,1.0,0.8,5.4
581,,,,,,,,,,,,,,,,,,,,,,,,,,,,,
582,Juan Toscano-Anderson,SF,26,GSW,13,6,20.9,2.2,4.8,.460,0.6,1.8,.348,1.6,3.1,.525,.524,0.2,0.4,.600,0.7,3.3,4.0,2.0,1.0,0.4,1.2,2.3,5.3
583,Karl-Anthony Towns,C,24,MIN,35,35,33.9,9.0,17.8,.508,3.3,7.9,.412,5.8,9.9,.586,.600,5.1,6.5,.796,2.7,8.1,10.8,4.4,0.9,1.2,3.1,3.3,26.5
584,Gary Trent Jr.,SG,21,POR,53,8,20.0,2.8,6.6,.426,1.5,3.8,.388,1.3,2.8,.477,.537,0.6,0.7,.833,0.4,1.3,1.7,0.9,0.7,0.2,0.4,1.3,7.7
585,Allonzo Trier,PG,24,NYK,24,1,12.1,2.1,4.4,.481,0.8,2.2,.358,1.3,2.2,.604,.571,1.4,1.8,.791,0.3,1.0,1.2,1.2,0.1,0.2,0.9,1.2,6.5
586,P.J. Tucker,PF,34,HOU,64,64,34.4,2.5,5.8,.433,1.5,4.0,.370,1.0,1.8,.573,.560,0.6,0.7,.841,1.6,5.3,6.9,1.6,1.1,0.5,1.0,3.3,7.1
587,Rayjon Tucker,SG,22,UTA,14,0,5.6,0.6,1.4,.421,0.0,0.4,.000,0.6,0.9,.615,.421,0.2,0.4,.600,0.1,0.8,0.9,0.1,0.1,0.0,0.2,0.5,1.4
588,Evan Turner,PG,31,ATL,19,0,13.2,1.3,3.5,.373,0.0,0.3,.000,1.3,3.3,.403,.373,0.6,0.7,.857,0.4,1.6,2.0,2.0,0.5,0.4,1.4,1.1,3.3
589,Myles Turner,C,23,IND,55,55,29.6,4.2,9.4,.451,1.4,4.2,.336,2.8,5.2,.542,.525,2.0,2.6,.750,1.3,5.3,6.5,1.1,0.8,2.2,1.2,2.5,11.8
590,Jarrod Uthoff,SF,26,MEM,4,0,3.5,0.3,1.8,.143,0.0,1.0,.000,0.3,0.8,.333,.143,0.5,0.5,1.000,0.3,0.0,0.3,0.0,0.3,0.0,0.0,0.3,1.0
591,Jonas Valančiūnas,C,27,MEM,62,62,26.3,6.2,10.6,.586,0.5,1.3,.367,5.7,9.3,.616,.608,2.0,2.7,.732,3.1,8.2,11.2,1.8,0.4,1.1,1.7,2.6,14.9
592,Denzel Valentine,SF,26,CHI,36,5,13.6,2.7,6.6,.409,1.3,3.8,.336,1.4,2.8,.510,.506,0.2,0.2,.750,0.3,1.8,2.1,1.2,0.7,0.2,0.7,1.4,6.8
593,Jarred Vanderbilt,SF-PF,20,TOT,11,0,4.2,0.5,0.7,.625,0.0,0.1,.000,0.5,0.6,.714,.625,0.2,0.2,1.000,0.3,0.5,0.8,0.2,0.3,0.1,0.6,0.5,1.1
594,Jarred Vanderbilt,SF,20,DEN,9,0,4.6,0.6,0.8,.714,0.0,0.0,,0.6,0.8,.714,.714,0.0,0.0,,0.3,0.6,0.9,0.2,0.3,0.1,0.8,0.7,1.1
595,Jarred Vanderbilt,PF,20,MIN,2,0,2.5,0.0,0.5,.000,0.0,0.5,.000,0.0,0.0,,.000,1.0,1.0,1.000,0.0,0.5,0.5,0.0,0.0,0.0,0.0,0.0,1.0
596,Fred VanVleet,PG,25,TOR,48,48,35.8,6.0,14.6,.409,2.7,7.0,.388,3.3,7.6,.430,.503,2.9,3.5,.843,0.4,3.4,3.8,6.6,1.9,0.3,2.3,2.5,17.6
597,Gabe Vincent,PG,23,MIA,6,0,7.0,0.7,3.2,.211,0.7,2.7,.250,0.0,0.5,.000,.316,0.0,0.0,,0.0,0.5,0.5,0.5,0.2,0.0,0.0,0.3,2.0
598,Noah Vonleh,C-PF,24,TOT,33,1,11.0,1.5,2.7,.562,0.1,0.5,.200,1.4,2.2,.635,.579,0.7,0.9,.800,1.1,2.6,3.7,0.8,0.3,0.2,0.6,1.2,3.8
599,Noah Vonleh,C,24,MIN,29,1,12.0,1.6,3.0,.547,0.1,0.5,.143,1.6,2.5,.625,.558,0.8,1.0,.821,1.2,2.8,4.0,0.9,0.4,0.2,0.7,1.2,4.1
600,Noah Vonleh,PF,24,DEN,4,0,4.3,0.8,0.8,1.000,0.3,0.3,1.000,0.5,0.5,1.000,1.167,0.3,0.5,.500,0.8,1.0,1.8,0.3,0.0,0.0,0.5,0.5,2.0
601,Nikola Vučević,C,29,ORL,54,54,32.6,7.9,16.9,.470,1.5,4.6,.329,6.4,12.2,.523,.515,2.1,2.7,.781,2.4,8.6,11.0,3.7,0.9,0.9,1.4,2.2,19.5
602,Dean Wade,PF,23,CLE,12,0,5.9,0.8,1.1,.692,0.2,0.3,.500,0.6,0.8,.778,.769,0.0,0.1,.000,0.3,1.3,1.6,0.2,0.2,0.3,0.3,0.7,1.7
603,Moritz Wagner,C,22,WAS,37,5,19.1,3.5,6.2,.575,0.6,1.8,.343,2.9,4.4,.671,.625,1.8,2.2,.817,1.4,3.8,5.2,1.3,0.6,0.5,1.5,3.6,9.5
604,Dion Waiters,SG,28,MIA,3,0,14.0,3.3,8.7,.385,2.7,5.7,.471,0.7,3.0,.222,.538,0.0,0.3,.000,0.0,3.7,3.7,1.0,0.0,0.7,1.0,1.7,9.3
605,Kemba Walker,PG,29,BOS,50,50,31.8,7.0,16.6,.421,3.3,8.8,.377,3.7,7.9,.470,.520,3.9,4.5,.867,0.7,3.4,4.1,4.9,0.9,0.5,2.1,1.5,21.2
606,,,,,,,,,,,,,,,,,,,,,,,,,,,,,
607,Lonnie Walker,SG,21,SAS,53,4,14.5,2.2,5.0,.434,0.5,1.3,.408,1.6,3.7,.444,.489,0.7,1.0,.717,0.4,1.8,2.2,0.9,0.5,0.2,0.6,1.3,5.6
608,Tyrone Wallace,SG,25,ATL,14,0,11.4,1.0,3.1,.318,0.1,1.1,.067,0.9,2.1,.448,.330,0.8,1.2,.647,0.2,1.4,1.6,0.9,0.5,0.1,0.7,1.4,2.9
609,Taurean Prince,SF,25,BRK,64,61,29.0,4.3,11.5,.376,2.3,6.7,.339,2.1,4.8,.429,.475,1.1,1.4,.798,0.8,5.2,6.0,1.8,0.9,0.4,2.0,2.5,12.1
610,Derrick Walton,PG,24,TOT,26,1,9.5,0.7,1.5,.462,0.4,0.9,.417,0.3,0.6,.533,.590,0.3,0.3,.778,0.1,0.5,0.6,1.0,0.3,0.0,0.2,0.8,2.0
611,Derrick Walton,PG,24,LAC,23,1,9.7,0.7,1.6,.472,0.4,0.9,.429,0.3,0.7,.533,.597,0.3,0.4,.778,0.1,0.6,0.7,1.0,0.2,0.0,0.2,0.8,2.2
612,Derrick Walton,PG,24,DET,3,0,8.7,0.3,1.0,.333,0.3,1.0,.333,0.0,0.0,,.500,0.0,0.0,,0.0,0.3,0.3,1.7,1.0,0.0,0.3,0.7,1.0
613,Brad Wanamaker,PG,30,BOS,63,1,19.3,2.2,5.0,.428,0.5,1.4,.367,1.6,3.6,.452,.480,1.7,1.8,.931,0.3,1.7,2.0,2.5,0.8,0.2,1.1,1.9,6.6
614,T.J. Warren,SF,26,IND,61,61,32.5,7.5,14.2,.529,1.1,3.0,.375,6.4,11.2,.571,.569,2.5,3.0,.812,1.0,3.0,4.0,1.4,1.1,0.4,1.3,2.8,18.7
615,P.J. Washington,PF,21,CHO,58,57,30.3,4.6,10.2,.455,1.5,4.0,.374,3.1,6.2,.507,.528,1.5,2.3,.647,1.0,4.4,5.4,2.1,0.9,0.8,1.6,2.7,12.2
616,Yuta Watanabe,SG,25,MEM,16,0,6.2,0.8,1.8,.414,0.2,0.5,.375,0.6,1.3,.429,.466,0.2,0.5,.375,0.4,0.7,1.1,0.3,0.3,0.1,0.1,0.6,1.9
617,Tremont Waters,PG,22,BOS,10,0,8.9,1.2,3.5,.343,0.3,1.7,.176,0.9,1.8,.500,.386,0.6,0.6,1.000,0.0,0.9,0.9,1.2,0.5,0.2,1.0,1.1,3.3
618,Paul Watson,SF-SG,25,TOT,5,0,5.0,0.0,1.6,.000,0.0,0.8,.000,0.0,0.8,.000,.000,0.2,0.4,.500,0.0,0.8,0.8,1.0,0.2,0.2,0.0,0.2,0.2
619,Paul Watson,SG,25,ATL,2,0,8.5,0.0,3.5,.000,0.0,1.5,.000,0.0,2.0,.000,.000,0.0,0.0,,0.0,1.0,1.0,1.5,0.5,0.0,0.0,0.5,0.0
620,Paul Watson,SF,25,TOR,3,0,2.7,0.0,0.3,.000,0.0,0.3,.000,0.0,0.0,,.000,0.3,0.7,.500,0.0,0.7,0.7,0.7,0.0,0.3,0.0,0.0,0.3
621,Quinndary Weatherspoon,SG,23,SAS,3,0,5.0,0.0,1.0,.000,0.0,0.3,.000,0.0,0.7,.000,.000,0.0,0.0,,0.0,0.3,0.3,0.3,0.0,0.0,0.0,0.0,0.0
622,Russell Westbrook,PG,31,HOU,53,53,35.9,10.7,22.6,.474,1.0,3.8,.254,9.8,18.8,.518,.495,5.1,6.5,.777,1.8,6.3,8.0,7.0,1.7,0.3,4.5,3.5,27.5
623,Coby White,SG,19,CHI,65,1,25.8,4.8,12.2,.394,2.0,5.8,.354,2.8,6.4,.430,.478,1.6,2.0,.791,0.4,3.1,3.5,2.7,0.8,0.1,1.7,1.8,13.2
624,Derrick White,SG,25,SAS,61,13,24.1,3.5,7.6,.459,0.9,2.6,.356,2.6,5.0,.513,.520,2.5,2.9,.857,0.5,2.7,3.2,3.4,0.6,0.9,1.2,2.2,10.4
625,Hassan Whiteside,C,30,POR,61,61,31.3,6.9,11.1,.618,0.1,0.1,.571,6.8,11.0,.619,.621,2.5,3.7,.680,4.0,10.2,14.2,1.2,0.4,3.1,1.9,2.9,16.3
626,Andrew Wiggins,SF-SG,24,TOT,54,54,34.4,8.1,18.1,.447,2.1,6.2,.332,6.0,11.9,.506,.504,3.5,5.0,.709,1.2,3.9,5.1,3.7,0.8,1.0,2.4,2.4,21.8
627,Andrew Wiggins,SF,24,MIN,42,42,34.6,8.4,18.8,.444,2.2,6.5,.331,6.2,12.3,.505,.502,3.5,4.9,.720,1.1,4.1,5.2,3.7,0.7,0.9,2.5,2.4,22.4
628,Andrew Wiggins,SG,24,GSW,12,12,33.6,7.2,15.7,.457,1.7,4.9,.339,5.5,10.8,.512,.511,3.4,5.1,.672,1.5,3.1,4.6,3.6,1.3,1.4,2.1,2.2,19.4
629,Grant Williams,PF,21,BOS,62,5,15.6,1.3,3.1,.417,0.3,1.4,.247,1.0,1.7,.551,.471,0.6,0.8,.725,0.9,1.7,2.7,1.0,0.5,0.5,0.7,2.4,3.5
630,Johnathan Williams,C,24,WAS,11,5,12.3,1.5,2.3,.640,0.0,0.2,.000,1.5,2.1,.696,.640,0.3,0.5,.600,1.4,2.5,3.9,0.5,0.1,0.5,0.4,1.0,3.2
631,Kenrich Williams,PF,25,NOP,35,18,22.3,1.4,4.1,.343,0.7,2.7,.260,0.7,1.3,.511,.430,0.3,0.7,.375,1.4,3.7,5.1,1.5,0.7,0.6,0.6,2.3,3.8
632,Lou Williams,SG,33,LAC,60,8,29.3,6.1,14.7,.416,1.8,4.9,.363,4.3,9.8,.442,.476,4.6,5.4,.863,0.5,2.6,3.1,5.7,0.7,0.2,2.9,1.3,18.7
633,,,,,,,,,,,,,,,,,,,,,,,,,,,,,
634,Marvin Williams,PF,33,TOT,52,1,19.4,2.1,4.8,.442,1.0,2.8,.361,1.1,2.0,.552,.546,0.9,1.0,.870,0.4,2.5,2.8,1.1,0.7,0.5,0.5,1.8,6.1
635,Marvin Williams,PF,33,CHO,41,1,19.7,2.3,5.1,.448,1.1,2.9,.376,1.2,2.3,.538,.552,1.0,1.2,.860,0.4,2.3,2.7,1.0,0.6,0.5,0.6,1.7,6.7
636,Marvin Williams,PF,33,MIL,11,0,18.5,1.5,3.5,.410,0.7,2.5,.296,0.7,1.1,.667,.513,0.4,0.4,1.000,0.5,3.1,3.5,1.4,0.8,0.4,0.3,2.1,4.0
637,Robert Williams,C,22,BOS,23,1,14.0,1.8,2.7,.677,0.0,0.0,,1.8,2.7,.677,.677,0.6,1.1,.560,1.5,3.2,4.7,1.0,0.9,1.2,0.9,1.7,4.3
638,Nigel Williams-Goss,PG,25,UTA,9,0,3.1,0.1,0.8,.143,0.0,0.2,.000,0.1,0.6,.200,.143,0.2,0.2,1.000,0.2,0.3,0.6,0.6,0.1,0.1,0.2,0.2,0.4
639,Zion Williamson,PF,19,NOP,19,19,29.7,9.1,15.4,.589,0.3,0.7,.462,8.7,14.7,.595,.599,5.2,8.0,.645,2.9,3.9,6.8,2.2,0.8,0.5,2.7,1.7,23.6
640,D.J. Wilson,PF,23,MIL,31,0,9.0,1.3,3.3,.396,0.5,1.8,.255,0.8,1.5,.565,.465,0.2,0.3,.667,0.3,1.9,2.2,0.7,0.1,0.2,0.5,0.8,3.2
641,Justise Winslow,SF,23,MIA,11,5,32.0,4.5,11.7,.388,0.5,2.5,.222,4.0,9.3,.431,.411,1.6,2.5,.667,1.5,5.2,6.6,4.0,0.6,0.5,2.2,3.5,11.3
642,Christian Wood,PF,24,DET,62,12,21.4,4.6,8.2,.567,0.9,2.3,.386,3.8,5.9,.636,.620,2.9,3.9,.744,1.7,4.6,6.3,1.0,0.5,0.9,1.4,1.6,13.1
643,Delon Wright,SG,27,DAL,65,5,21.7,2.8,5.9,.470,0.7,1.8,.385,2.1,4.1,.508,.529,1.1,1.4,.789,1.0,3.0,4.0,3.4,1.2,0.3,1.0,1.3,7.3
644,Justin Wright-Foreman,PG,22,UTA,1,0,2.0,0.0,0.0,,0.0,0.0,,0.0,0.0,,,0.0,0.0,,0.0,0.0,0.0,0.0,0.0,0.0,0.0,0.0,0.0
645,Thaddeus Young,PF,31,CHI,64,16,24.9,4.2,9.4,.448,1.2,3.5,.356,3.0,5.9,.501,.513,0.7,1.1,.583,1.5,3.5,4.9,1.8,1.4,0.4,1.6,2.1,10.3
646,Trae Young,PG,21,ATL,60,60,35.3,9.1,20.8,.437,3.4,9.5,.361,5.7,11.4,.501,.519,8.0,9.3,.860,0.5,3.7,4.3,9.3,1.1,0.1,4.8,1.7,29.6
647,Cody Zeller,C,27,CHO,58,39,23.1,4.3,8.3,.524,0.3,1.3,.240,4.0,7.0,.577,.543,2.1,3.1,.682,2.8,4.3,7.1,1.5,0.7,0.4,1.3,2.4,11.1
648,Ante Žižić,C,23,CLE,22,0,10.0,1.9,3.3,.569,0.0,0.0,,1.9,3.3,.569,.569,0.6,0.9,.737,0.8,2.2,3.0,0.3,0.3,0.2,0.5,1.2,4.4
649,Ivica Zubac,C,22,LAC,64,62,18.1,3.2,5.3,.601,0.0,0.0,.000,3.2,5.2,.605,.601,1.7,2.2,.759,2.6,4.6,7.2,1.1,0.2,0.9,0.8,2.3,8.0
